detector,gps_start,family,m_channels,n_windows,n_surrogate_pairs,threshold_fw,cmax_observed,top_channel,top_channel_baseline,threshold_zero_lag,verdict,dsd_class,dsd_score,taxonomy_representation,top_channel_class,verdict_tier
H1,1369305276,Singleton_1369305276,5,116,13340,0.5445132851600647,0.9871703681789477,H1:LSC-POP_A_LF_OUT_DQ,0.48737192153930664,0.6934690475463867,COUPLED,ROBUST,0.4300166964530945,idxq4-64_queryq4-64,LSC,COUPLED
H1,1369857308,Family_01,5,123,15006,0.615778386592865,0.3752506659154992,H1:LSC-POP_A_LF_OUT_DQ,0.5241609811782837,0.7593488097190857,NO_CORRELATION,BACKGROUND,0.0821491479873657,idxq4-64_queryq4-64,LSC,NO_CORRELATION
H1,1370219516,Family_01,5,141,19740,0.6014891266822815,0.9157941446308422,H1:LSC-POP_A_LF_OUT_DQ,0.4928285777568817,0.6797282695770264,COUPLED,ROBUST,0.4582412242889404,idxq4-64_queryq4-64,LSC,COUPLED
H1,1370330876,Family_01,5,129,16512,0.6127610206604004,0.4887508548611274,H1:LSC-POP_A_LF_OUT_DQ,0.4600813090801239,0.7085034251213074,NO_CORRELATION,ROBUST,0.4171993732452392,idxq4-64_queryq4-64,LSC,NO_CORRELATION
H1,1370796892,Family_01,5,128,16256,0.6160943508148193,0.4684075601141927,H1:LSC-POP_A_LF_OUT_DQ,0.5061250925064087,0.7215016484260559,NO_CORRELATION,BACKGROUND,0.1147906482219696,idxq4-64_queryq4-64,LSC,NO_CORRELATION
H1,1371206656,Family_01,9,143,20306,0.9111979007720947,0.7639433116794051,H1:LSC-REFL_A_RIN_OUT_DQ,0.8499894142150879,0.9846781492233276,NO_CORRELATION,BACKGROUND,0.0704624205827713,idxq4-64_queryq4-64,LSC,NO_CORRELATION
H1,1371361884,Family_01,9,143,20306,0.845024824142456,0.6354372664261051,H1:LSC-REFL_A_RIN_OUT_DQ,0.794208288192749,0.978709876537323,NO_CORRELATION,BACKGROUND,0.1069522872567176,idxq4-64_queryq4-64,LSC,NO_CORRELATION
H1,1372354524,Family_01,9,134,17822,0.9127373695373535,0.9522442028806438,H1:LSC-REFL_A_RIN_OUT_DQ,0.9213826656341553,0.981411874294281,COUPLED,BACKGROUND,0.0981285274028778,idxq4-64_queryq4-64,LSC,SUSPECT
H1,1372441852,Family_01,9,128,16256,0.8564687967300415,0.7642254489812029,H1:SUS-ETMX_L1_CAL_LINE_OUT_DQ,0.20844104886054993,0.9873504638671875,NO_CORRELATION,ROBUST,0.4666833877563476,idxq4-64_queryq4-64,CAL_LINE,NO_CORRELATION
H1,1372450524,Family_01,9,128,16256,0.8564687967300415,0.5043983428902153,H1:IMC-WFS_A_DC_YAW_OUT_DQ,0.6114503145217896,0.9873504638671875,NO_CORRELATION,BACKGROUND,0.116712138056755,idxq4-64_queryq4-64,IMC,NO_CORRELATION
H1,1372522876,Family_01,9,106,11130,0.823241114616394,0.6786224369011589,H1:LSC-REFL_A_RIN_OUT_DQ,0.7524350881576538,0.9734675288200378,NO_CORRELATION,BACKGROUND,0.1026497855782508,idxq4-64_queryq4-64,LSC,NO_CORRELATION
H1,1372736092,Family_01,9,131,17030,0.8591492176055908,0.5415399210022835,H1:LSC-REFL_A_RIN_OUT_DQ,0.7794569134712219,0.9717034697532654,NO_CORRELATION,BACKGROUND,0.1199751496315002,idxq4-64_queryq4-64,LSC,NO_CORRELATION
H1,1373264252,Family_01,9,130,16770,0.8360146880149841,0.8551343766921085,H1:LSC-REFL_A_RIN_OUT_DQ,0.8159713745117188,0.9809181690216064,COUPLED,ROBUST,0.2691144645214081,idxq4-64_queryq4-64,LSC,SUSPECT
H1,1373268380,Family_01,9,129,16512,0.8438020348548889,0.8726366048846008,H1:LSC-REFL_A_RIN_OUT_DQ,0.7615774869918823,0.9683644771575928,COUPLED,BACKGROUND,0.1057617142796516,idxq4-64_queryq4-64,LSC,SUSPECT
H1,1373581660,Family_01,9,137,18632,0.8983586430549622,0.8575774936871111,H1:LSC-REFL_A_RIN_OUT_DQ,0.8529388308525085,0.9731441140174866,NO_CORRELATION,BACKGROUND,0.1094225049018859,idxq4-64_queryq4-64,LSC,NO_CORRELATION
H1,1373822940,Family_01,9,124,15252,0.8848985433578491,0.8695951644042162,H1:LSC-REFL_A_RIN_OUT_DQ,0.8071752190589905,0.9815817475318909,NO_CORRELATION,BACKGROUND,0.0859870240092277,idxq4-64_queryq4-64,LSC,NO_CORRELATION
H1,1374061948,Family_01,9,148,21756,0.8485080003738403,0.5961827242642417,H1:LSC-REFL_A_RIN_OUT_DQ,0.7882519960403442,0.9729937314987183,NO_CORRELATION,ROBUST,0.2409579306840896,idxq4-64_queryq4-64,LSC,NO_CORRELATION
H1,1374125852,Family_01,9,108,11556,0.8825677633285522,0.9660531972023414,H1:LSC-REFL_A_RIN_OUT_DQ,0.850153386592865,0.9744666814804077,COUPLED,BACKGROUND,0.0975576713681221,idxq4-64_queryq4-64,LSC,SUSPECT
H1,1374142108,Family_01,9,108,11556,0.8825677633285522,0.7209324890729493,H1:LSC-REFL_A_RIN_OUT_DQ,0.850153386592865,0.9744666814804077,NO_CORRELATION,AMBIGUOUS,0.13800710439682,idxq4-64_queryq4-64,LSC,NO_CORRELATION
H1,1374167292,Family_01,9,119,14042,0.884332001209259,0.4507597692372789,H1:IMC-WFS_A_DC_YAW_OUT_DQ,0.6371224522590637,0.9848376512527466,NO_CORRELATION,BACKGROUND,0.0915746986865997,idxq4-64_queryq4-64,IMC,NO_CORRELATION
H1,1374175036,Family_01,9,128,16256,0.8670849204063416,0.964627356894311,H1:LSC-REFL_A_RIN_OUT_DQ,0.8204654455184937,0.9842973351478577,COUPLED,BACKGROUND,0.1185487285256385,idxq4-64_queryq4-64,LSC,SUSPECT
H1,1374464092,Family_01,9,116,13340,0.9256091117858887,0.6532817776585776,H1:CAL-PCALY_RX_PD_OUT_DQ,0.9032762050628662,0.9790995717048645,NO_CORRELATION,ROBUST,0.4406278431415558,idxq4-64_queryq4-64,CAL_LINE,NO_CORRELATION
H1,1374485436,Family_01,9,124,15252,0.9223647117614746,0.9011287236158207,H1:CAL-PCALY_RX_PD_OUT_DQ,0.9062049984931946,0.9801406264305115,NO_CORRELATION,BACKGROUND,0.1036921590566635,idxq4-64_queryq4-64,CAL_LINE,NO_CORRELATION
H1,1374508380,Family_01,9,124,15252,0.9223647117614746,0.9160896916659912,H1:CAL-PCALY_RX_PD_OUT_DQ,0.9062049984931946,0.9801406264305115,NO_CORRELATION,AMBIGUOUS,0.1324371397495269,idxq4-64_queryq4-64,CAL_LINE,NO_CORRELATION
H1,1374963452,Family_01,9,125,15500,0.9959292411804199,0.9439552020471496,H1:CAL-PCALY_RX_PD_OUT_DQ,0.2754383087158203,0.9954788088798523,NO_CORRELATION,ROBUST,0.5625473260879517,idxq4-64_queryq4-64,CAL_LINE,NO_CORRELATION
H1,1376348412,Family_01,9,129,16512,0.8844565153121948,0.9488525823419256,H1:LSC-REFL_A_RIN_OUT_DQ,0.8123868703842163,0.9720072746276855,COUPLED,BACKGROUND,0.0956818908452987,idxq4-64_queryq4-64,LSC,SUSPECT
H1,1376495996,Family_01,9,137,18632,0.8871691226959229,0.9774125252063935,H1:LSC-REFL_A_RIN_OUT_DQ,0.9121583700180054,0.9742482304573059,COUPLED,BACKGROUND,0.0896761417388916,idxq4-64_queryq4-64,LSC,COUPLED
H1,1376545820,Family_01,9,133,17556,0.8397985100746155,0.7647860358814188,H1:LSC-POP_A_LF_OUT_DQ,0.291618674993515,0.9673629999160767,NO_CORRELATION,ROBUST,0.4781690537929535,idxq4-64_queryq4-64,LSC,NO_CORRELATION
H1,1376661756,Family_01,9,132,17292,0.8507749438285828,0.7262647440351371,H1:LSC-REFL_A_RIN_OUT_DQ,0.7742329239845276,0.9749143719673157,NO_CORRELATION,BACKGROUND,0.0779317319393158,idxq4-64_queryq4-64,LSC,NO_CORRELATION
H1,1377279356,Family_01,9,129,16512,0.9031732082366943,0.6265647214446526,H1:IMC-WFS_A_DC_YAW_OUT_DQ,0.6530134677886963,0.9731071591377258,NO_CORRELATION,BACKGROUND,0.0889501422643661,idxq4-64_queryq4-64,IMC,NO_CORRELATION
H1,1377343004,Family_01,9,129,16512,0.7873072624206543,0.7636278758567399,H1:LSC-REFL_A_RIN_OUT_DQ,0.6904398798942566,0.9722322821617126,NO_CORRELATION,BACKGROUND,0.1018185243010521,idxq4-64_queryq4-64,LSC,NO_CORRELATION
H1,1377509376,Family_01,9,119,14042,0.9204681515693665,0.7548423831875786,H1:IMC-WFS_A_DC_YAW_OUT_DQ,0.7875837087631226,0.9644357562065125,NO_CORRELATION,BACKGROUND,0.0493034869432449,idxq4-64_queryq4-64,IMC,NO_CORRELATION
H1,1377683132,Family_01,9,134,17822,0.8453288078308105,0.8984032148348323,H1:IMC-WFS_A_DC_YAW_OUT_DQ,0.7805757522583008,0.9786256551742554,COUPLED,BACKGROUND,0.0866388976573944,idxq4-64_queryq4-64,IMC,SUSPECT
H1,1377857596,Family_01,9,122,14762,0.8418540954589844,0.6371949473380087,H1:LSC-REFL_A_RIN_OUT_DQ,0.7799450159072876,0.9649749398231506,NO_CORRELATION,ROBUST,0.4278451800346374,idxq4-64_queryq4-64,LSC,NO_CORRELATION
H1,1378490076,Family_01,9,135,18090,0.8872190117835999,0.966608055714326,H1:LSC-REFL_A_RIN_OUT_DQ,0.8984681367874146,0.9843622446060181,COUPLED,ROBUST,0.2066894322633743,idxq4-64_queryq4-64,LSC,SUSPECT
H1,1378854844,Family_01,9,120,14280,0.8877217769622803,0.9447207196032944,H1:LSC-REFL_A_RIN_OUT_DQ,0.8023760318756104,0.9767584800720215,COUPLED,AMBIGUOUS,0.1303783357143402,idxq4-64_queryq4-64,LSC,SUSPECT
H1,1379116028,Family_01,9,111,12210,0.8809263110160828,0.887269277472345,H1:LSC-REFL_A_RIN_OUT_DQ,0.7745203375816345,0.9545422792434692,COUPLED,AMBIGUOUS,0.172880619764328,idxq4-64_queryq4-64,LSC,SUSPECT
H1,1379116124,Family_01,9,111,12210,0.8809263110160828,0.7942500728083723,H1:LSC-REFL_A_RIN_OUT_DQ,0.7745203375816345,0.9545422792434692,NO_CORRELATION,AMBIGUOUS,0.1688074022531509,idxq4-64_queryq4-64,LSC,NO_CORRELATION
H1,1379228092,Family_01,9,133,17556,0.8445569276809692,0.7161082294720987,H1:LSC-REFL_A_RIN_OUT_DQ,0.7915508151054382,0.9793989062309265,NO_CORRELATION,BACKGROUND,0.0845368057489395,idxq4-64_queryq4-64,LSC,NO_CORRELATION
H1,1379498396,Family_01,9,107,11342,0.8623256087303162,0.9807007574975738,H1:LSC-REFL_A_RIN_OUT_DQ,0.8581767678260803,0.9785740971565247,COUPLED,BACKGROUND,0.1138243004679679,idxq4-64_queryq4-64,LSC,COUPLED
H1,1379923932,Family_01,9,133,17556,0.864013671875,0.8151546094100948,H1:LSC-REFL_A_RIN_OUT_DQ,0.7928283214569092,0.9787197113037109,NO_CORRELATION,AMBIGUOUS,0.1440875679254531,idxq4-64_queryq4-64,LSC,NO_CORRELATION
H1,1380240220,Family_01,9,133,17556,0.8840108513832092,0.8049584244369253,H1:LSC-REFL_A_RIN_OUT_DQ,0.8296289443969727,0.9783499240875244,NO_CORRELATION,BACKGROUND,0.1274660378694534,idxq4-64_queryq4-64,LSC,NO_CORRELATION
H1,1380826332,Family_01,9,133,17556,0.8687453269958496,0.9019569557585,H1:LSC-REFL_A_RIN_OUT_DQ,0.8366492986679077,0.9843167662620544,COUPLED,AMBIGUOUS,0.1347539126873016,idxq4-64_queryq4-64,LSC,SUSPECT
H1,1381335100,Family_01,9,143,20306,0.8840950727462769,0.991823256593668,H1:LSC-REFL_A_RIN_OUT_DQ,0.8517403602600098,0.9839785099029541,COUPLED,BACKGROUND,0.0970928966999054,idxq4-64_queryq4-64,LSC,COUPLED
H1,1381677244,Family_01,9,118,13806,0.9379865527153015,0.7932761784859181,H1:LSC-REFL_A_RIN_OUT_DQ,0.9429572820663452,0.9898586273193359,NO_CORRELATION,BACKGROUND,0.1216593906283378,idxq4-64_queryq4-64,LSC,NO_CORRELATION
H1,1381814428,Family_01,9,136,18360,0.8658938407897949,0.6088653222997585,H1:LSC-REFL_A_RIN_OUT_DQ,0.7682616710662842,0.9853626489639282,NO_CORRELATION,AMBIGUOUS,0.1507640331983566,idxq4-64_queryq4-64,LSC,NO_CORRELATION
H1,1382656028,Family_01,9,116,13340,0.9331534504890442,0.9196975578070749,H1:LSC-REFL_A_RIN_OUT_DQ,0.9430740475654602,0.9882544279098511,NO_CORRELATION,BACKGROUND,0.1225944384932518,idxq4-64_queryq4-64,LSC,NO_CORRELATION
H1,1382944060,Family_01,9,106,11130,0.8296429514884949,0.468987896605545,H1:IMC-WFS_A_DC_YAW_OUT_DQ,0.6341965198516846,0.9798601269721985,NO_CORRELATION,BACKGROUND,0.1117795556783676,idxq4-64_queryq4-64,IMC,NO_CORRELATION
H1,1382975324,Family_01,9,118,13806,0.8332979083061218,0.977948282903907,H1:LSC-REFL_A_RIN_OUT_DQ,0.7864320278167725,0.9836040139198303,COUPLED,BACKGROUND,0.1051264479756355,idxq4-64_queryq4-64,LSC,SUSPECT
H1,1383298684,Family_01,9,114,12882,0.9038262963294983,0.581443741129091,H1:LSC-REFL_A_RIN_OUT_DQ,0.8381416201591492,0.9878630042076111,NO_CORRELATION,BACKGROUND,0.0805712640285492,idxq4-64_queryq4-64,LSC,NO_CORRELATION
H1,1383335996,Family_01,9,119,14042,0.8584241271018982,0.5804651855627342,H1:LSC-REFL_A_RIN_OUT_DQ,0.836262047290802,0.9837979674339294,NO_CORRELATION,BACKGROUND,0.1255227029323578,idxq4-64_queryq4-64,LSC,NO_CORRELATION
H1,1383564188,Family_01,9,112,12432,0.9135732054710388,0.7792631403140682,H1:IMC-WFS_A_DC_YAW_OUT_DQ,0.722842812538147,0.9863044619560242,NO_CORRELATION,BACKGROUND,0.0985890701413154,idxq4-64_queryq4-64,IMC,NO_CORRELATION
H1,1383721116,Family_01,9,133,17556,0.8058346509933472,0.8440704349313666,H1:LSC-REFL_A_RIN_OUT_DQ,0.7330301403999329,0.9675447344779968,COUPLED,BACKGROUND,0.1133032813668251,idxq4-64_queryq4-64,LSC,SUSPECT
H1,1383890108,Family_01,9,121,14520,0.8465815186500549,0.9636233997122416,H1:LSC-REFL_A_RIN_OUT_DQ,0.676024317741394,0.9453088641166687,COUPLED,BACKGROUND,0.0909956470131874,idxq4-64_queryq4-64,LSC,COUPLED
H1,1383979004,Family_01,9,125,15500,0.8201731443405151,0.6833172742523412,H1:LSC-REFL_A_RIN_OUT_DQ,0.6853898167610168,0.9615370631217957,NO_CORRELATION,ROBUST,0.4341764152050018,idxq4-64_queryq4-64,LSC,NO_CORRELATION
H1,1384241532,Family_01,9,138,18906,0.8748217225074768,0.81194810458167,H1:LSC-REFL_A_RIN_OUT_DQ,0.8071911334991455,0.9810544848442078,NO_CORRELATION,BACKGROUND,0.0949319303035736,idxq4-64_queryq4-64,LSC,NO_CORRELATION
H1,1384782428,Family_01,9,130,16770,0.8538571000099182,0.3788062628160935,H1:IMC-WFS_A_DC_PIT_OUT_DQ,0.5609548687934875,0.9813241362571716,NO_CORRELATION,BACKGROUND,0.0996956825256347,idxq4-64_queryq4-64,IMC,NO_CORRELATION
H1,1385210908,Family_01,9,138,18906,0.917879581451416,0.9679095631725532,H1:LSC-REFL_A_RIN_OUT_DQ,0.8935427665710449,0.9845084547996521,COUPLED,BACKGROUND,0.1062146201729774,idxq4-64_queryq4-64,LSC,SUSPECT
H1,1386783232,Family_01,9,144,20592,0.861129641532898,0.8828918038809495,H1:LSC-REFL_A_RIN_OUT_DQ,0.7660497426986694,0.9813934564590454,COUPLED,BACKGROUND,0.0812820866703987,idxq4-64_queryq4-64,LSC,SUSPECT
H1,1387122588,Family_01,9,139,19182,0.8737038969993591,0.9554041152354752,H1:LSC-REFL_A_RIN_OUT_DQ,0.808751106262207,0.9790933728218079,COUPLED,BACKGROUND,0.0943701788783073,idxq4-64_queryq4-64,LSC,SUSPECT
H1,1387124124,Family_01,9,139,19182,0.8737038969993591,0.8002660684977475,H1:LSC-REFL_A_RIN_OUT_DQ,0.808751106262207,0.9790933728218079,NO_CORRELATION,BACKGROUND,0.1075926199555397,idxq4-64_queryq4-64,LSC,NO_CORRELATION
H1,1387258012,Family_01,9,133,17556,0.8626954555511475,0.9117978997458211,H1:LSC-REFL_A_RIN_OUT_DQ,0.8209593892097473,0.9822449684143066,COUPLED,BACKGROUND,0.1294050514698028,idxq4-64_queryq4-64,LSC,SUSPECT
H1,1387258556,Family_01,9,133,17556,0.8626954555511475,0.9244648676405924,H1:LSC-REFL_A_RIN_OUT_DQ,0.8209593892097473,0.9822449684143066,COUPLED,BACKGROUND,0.1043968796730041,idxq4-64_queryq4-64,LSC,SUSPECT
H1,1387273692,Family_01,9,143,20306,0.8903058171272278,0.6159097369198974,H1:LSC-REFL_A_RIN_OUT_DQ,0.8023610711097717,0.9804773330688477,NO_CORRELATION,BACKGROUND,0.0990295335650444,idxq4-64_queryq4-64,LSC,NO_CORRELATION
H1,1387486620,Family_01,9,123,15006,0.8840005397796631,0.9527440652736594,H1:LSC-REFL_A_RIN_OUT_DQ,0.8016395568847656,0.9864341020584106,COUPLED,AMBIGUOUS,0.1334612667560577,idxq4-64_queryq4-64,LSC,SUSPECT
H1,1387494940,Family_01,9,123,15006,0.8840005397796631,0.9778038055302098,H1:LSC-REFL_A_RIN_OUT_DQ,0.8016395568847656,0.9864341020584106,COUPLED,BACKGROUND,0.096434362232685,idxq4-64_queryq4-64,LSC,SUSPECT
H1,1388184828,Family_01,9,122,14762,0.8993390202522278,0.8985127007824849,H1:LSC-REFL_A_RIN_OUT_DQ,0.8195257186889648,0.9812139272689819,NO_CORRELATION,BACKGROUND,0.085406444966793,idxq4-64_queryq4-64,LSC,NO_CORRELATION
H1,1388314268,Family_01,9,109,11772,0.876930832862854,0.9136043364775536,H1:LSC-REFL_A_RIN_OUT_DQ,0.7960056066513062,0.9748743176460266,COUPLED,BACKGROUND,0.1012685894966125,idxq4-64_queryq4-64,LSC,SUSPECT
H1,1388328060,Family_01,9,118,13806,0.8699198961257935,0.8767377417654144,H1:LSC-REFL_A_RIN_OUT_DQ,0.827202558517456,0.9767142534255981,COUPLED,BACKGROUND,0.0903052985668182,idxq4-64_queryq4-64,LSC,SUSPECT
H1,1388368796,Family_01,9,133,17556,0.8668739199638367,0.9252231315251108,H1:LSC-REFL_A_RIN_OUT_DQ,0.752668023109436,0.9740581512451172,COUPLED,BACKGROUND,0.1284635514020919,idxq4-64_queryq4-64,LSC,SUSPECT
H1,1388414492,Family_01,9,146,21170,0.8477512001991272,0.6091877298708277,H1:LSC-REFL_A_RIN_OUT_DQ,0.7998875975608826,0.9749089479446411,NO_CORRELATION,ROBUST,0.3899151384830475,idxq4-64_queryq4-64,LSC,NO_CORRELATION
H1,1388669948,Family_01,9,75,5550,0.8824495673179626,0.7815792625166581,H1:LSC-REFL_A_RIN_OUT_DQ,0.7744040489196777,0.9783661365509033,NO_CORRELATION,BACKGROUND,0.1083390042185783,idxq4-64_queryq4-64,LSC,NO_CORRELATION
H1,1389002364,Family_01,9,128,16256,0.9214081168174744,0.9688440076502196,H1:LSC-REFL_A_RIN_OUT_DQ,0.9204824566841125,0.9832119345664978,COUPLED,BACKGROUND,0.1111408025026321,idxq4-64_queryq4-64,LSC,SUSPECT
H1,1389013852,Family_01,9,130,16770,0.8896905183792114,0.9747714186148652,H1:LSC-REFL_A_RIN_OUT_DQ,0.848450243473053,0.982245683670044,COUPLED,BACKGROUND,0.0920632034540176,idxq4-64_queryq4-64,LSC,SUSPECT
H1,1389040412,Family_01,9,133,17556,0.9274867177009583,0.9785176376220592,H1:LSC-REFL_A_RIN_OUT_DQ,0.921981930732727,0.9795259237289429,COUPLED,BACKGROUND,0.110229954123497,idxq4-64_queryq4-64,LSC,SUSPECT
H1,1389305436,Family_01,9,127,16002,0.8637010455131531,0.7546725518243381,H1:IMC-WFS_A_DC_YAW_OUT_DQ,0.7813661694526672,0.9684988260269165,NO_CORRELATION,BACKGROUND,0.1176193207502365,idxq4-64_queryq4-64,IMC,NO_CORRELATION
H1,1389430300,Family_01,9,128,16256,0.903382420539856,0.92281669169004,H1:LSC-REFL_A_RIN_OUT_DQ,0.8355764746665955,0.9694259762763977,COUPLED,BACKGROUND,0.1125234961509704,idxq4-64_queryq4-64,LSC,SUSPECT
H1,1389440476,Family_01,9,132,17292,0.9032490849494934,0.7105995444368155,H1:LSC-REFL_A_RIN_OUT_DQ,0.8587934970855713,0.9752157330513,NO_CORRELATION,AMBIGUOUS,0.1311733126640319,idxq4-64_queryq4-64,LSC,NO_CORRELATION
L1,1369271388,Family_01,7,118,13806,0.7763522267341614,0.9440567981084504,L1:SUS-ETMX_L1_CAL_LINE_OUT_DQ,0.20601549744606018,0.8888114094734192,COUPLED,AMBIGUOUS,0.1648580282926559,idxq4-64_queryq4-64,CAL_LINE,COUPLED
L1,1369298588,Family_01,7,105,10920,0.8215904235839844,0.6956150388702694,L1:IMC-WFS_B_I_PIT_OUT_DQ,0.35916030406951904,0.8542376756668091,NO_CORRELATION,BACKGROUND,0.0716033801436424,idxq4-64_queryq4-64,IMC,NO_CORRELATION
L1,1369327228,Family_01,7,109,11772,0.7080204486846924,0.9188864866256972,L1:SUS-ETMX_L3_CAL_LINE_OUT_DQ,0.23507709801197052,0.8047647476196289,COUPLED,BACKGROUND,0.092566505074501,idxq4-64_queryq4-64,CAL_LINE,COUPLED
L1,1369524060,Family_01,7,117,13572,0.8352063298225403,0.2615617322703349,L1:ASC-X_TR_A_NSUM_OUT_DQ,0.29678067564964294,0.8952098488807678,NO_CORRELATION,AMBIGUOUS,0.1870284676551818,idxq4-64_queryq4-64,ASC,NO_CORRELATION
L1,1369630976,Family_01,7,122,14762,0.8315631151199341,0.3028194870833139,L1:IMC-WFS_B_I_PIT_OUT_DQ,0.5056793093681335,0.9175706505775452,NO_CORRELATION,BACKGROUND,0.0628662556409835,idxq4-64_queryq4-64,IMC,NO_CORRELATION
L1,1370012284,Family_01,7,121,14520,0.8736236095428467,0.709240533036378,L1:IMC-WFS_B_I_PIT_OUT_DQ,0.31926485896110535,0.8834353685379028,NO_CORRELATION,BACKGROUND,0.0760701522231102,idxq4-64_queryq4-64,IMC,NO_CORRELATION
L1,1370281212,Family_01,7,136,18360,0.7863207459449768,0.8707534358942567,L1:SUS-ETMX_L3_CAL_LINE_OUT_DQ,0.26358646154403687,0.9361445307731628,COUPLED,BACKGROUND,0.1482953578233719,idxq4-64_queryq4-64,CAL_LINE,SUSPECT
L1,1370798972,Family_01,7,128,16256,0.746126651763916,0.4225903778014783,L1:SUS-ETMX_L3_CAL_LINE_OUT_DQ,0.2298649251461029,0.8521023988723755,NO_CORRELATION,BACKGROUND,0.115598440170288,idxq4-64_queryq4-64,CAL_LINE,NO_CORRELATION
L1,1370823068,Family_01,7,133,17556,0.861355721950531,0.5398467012028545,L1:SUS-ETMX_L3_CAL_LINE_OUT_DQ,0.26660069823265076,0.9298829436302185,NO_CORRELATION,BACKGROUND,0.100389540195465,idxq4-64_queryq4-64,CAL_LINE,NO_CORRELATION
L1,1370866172,Family_01,7,115,13110,0.7071740031242371,0.4782906178764163,L1:IMC-WFS_B_I_PIT_OUT_DQ,0.30199119448661804,0.8641947507858276,NO_CORRELATION,BACKGROUND,0.1458134353160858,idxq4-64_queryq4-64,IMC,NO_CORRELATION
L1,1370926300,Family_01,7,120,14280,0.8793669939041138,0.485613790701181,L1:CAL-PCALY_RX_PD_OUT_DQ,0.22997809946537018,0.9196502566337585,NO_CORRELATION,ROBUST,0.219608873128891,idxq4-64_queryq4-64,CAL_LINE,NO_CORRELATION
L1,1370938204,Family_01,7,111,12210,0.8072614073753357,0.7625128151653799,L1:IMC-WFS_B_I_PIT_OUT_DQ,0.3807513117790222,0.9322419762611389,NO_CORRELATION,BACKGROUND,0.0931800752878189,idxq4-64_queryq4-64,IMC,NO_CORRELATION
L1,1370953084,Family_01,7,111,12210,0.8072614073753357,0.8067898157774646,L1:ASC-X_TR_A_NSUM_OUT_DQ,0.40115973353385925,0.9322419762611389,NO_CORRELATION,ROBUST,0.4129555523395538,idxq4-64_queryq4-64,ASC,NO_CORRELATION
L1,1370967068,Family_01,7,111,12210,0.8072614073753357,0.5984977601245636,L1:IMC-WFS_B_I_PIT_OUT_DQ,0.3807513117790222,0.9322419762611389,NO_CORRELATION,BACKGROUND,0.1427672058343887,idxq4-64_queryq4-64,IMC,NO_CORRELATION
L1,1370975356,Family_01,7,126,15750,0.7970167398452759,0.8732612304269635,L1:IMC-WFS_B_I_PIT_OUT_DQ,0.3758513927459717,0.8947047591209412,COUPLED,BACKGROUND,0.0881917029619216,idxq4-64_queryq4-64,IMC,SUSPECT
L1,1372118300,Family_01,7,117,13572,0.9189020991325378,0.7848513712130664,L1:CAL-PCALY_RX_PD_OUT_DQ,0.22297675907611847,0.9519659280776978,NO_CORRELATION,BACKGROUND,0.0739753246307373,idxq4-64_queryq4-64,CAL_LINE,NO_CORRELATION
L1,1372151452,Family_01,7,103,10506,0.7464598417282104,0.7304658788629051,L1:IMC-WFS_B_I_PIT_OUT_DQ,0.3581979274749756,0.8970819115638733,NO_CORRELATION,BACKGROUND,0.0752179101109504,idxq4-64_queryq4-64,IMC,NO_CORRELATION
L1,1372237020,Family_01,7,120,14280,0.8066173791885376,0.4302597768557892,L1:IMC-WFS_B_I_PIT_OUT_DQ,0.4552227258682251,0.9093682765960693,NO_CORRELATION,AMBIGUOUS,0.1821765750646591,idxq4-64_queryq4-64,IMC,NO_CORRELATION
L1,1372255744,Family_01,7,120,14280,0.8066173791885376,0.5739528964575412,L1:SUS-ETMX_L1_CAL_LINE_OUT_DQ,0.19876715540885925,0.9093682765960693,NO_CORRELATION,BACKGROUND,0.0600379221141338,idxq4-64_queryq4-64,CAL_LINE,NO_CORRELATION
L1,1372294140,Family_01,7,123,15006,0.7509222626686096,0.3422883107002138,L1:IMC-WFS_B_I_PIT_OUT_DQ,0.4078127443790436,0.8680689334869385,NO_CORRELATION,BACKGROUND,0.0769074708223342,idxq4-64_queryq4-64,IMC,NO_CORRELATION
L1,1372501504,Family_01,7,118,13806,0.7997738718986511,0.7834992277697406,L1:SUS-ETMX_L1_CAL_LINE_OUT_DQ,0.2100086510181427,0.9179936647415161,NO_CORRELATION,BACKGROUND,0.0573009327054023,idxq4-64_queryq4-64,CAL_LINE,NO_CORRELATION
L1,1373813628,Family_01,7,92,8372,0.7386946678161621,0.6728328581199392,L1:ASC-X_TR_A_NSUM_OUT_DQ,0.6384011507034302,0.9065864682197571,NO_CORRELATION,ROBUST,0.406109869480133,idxq4-64_queryq4-64,ASC,NO_CORRELATION
L1,1373815196,Family_01,7,92,8372,0.7386946678161621,0.8702057476287152,L1:SUS-ETMX_L2_CAL_LINE_OUT_DQ,0.20612472295761108,0.9065864682197571,COUPLED,AMBIGUOUS,0.1773176342248916,idxq4-64_queryq4-64,CAL_LINE,SUSPECT
L1,1375260316,Family_01,7,139,19182,0.7918538451194763,0.3360063871595778,L1:ASC-X_TR_A_NSUM_OUT_DQ,0.39822694659233093,0.926413357257843,NO_CORRELATION,ROBUST,0.4438816010951996,idxq4-64_queryq4-64,ASC,NO_CORRELATION
L1,1376313212,Family_01,7,133,17556,0.7204059362411499,0.8609849441688043,L1:IMC-WFS_B_I_PIT_OUT_DQ,0.33819881081581116,0.8780758380889893,COUPLED,AMBIGUOUS,0.2186657637357711,idxq4-64_queryq4-64,IMC,SUSPECT
L1,1376689244,Family_01,7,129,16512,0.8532439470291138,0.4397652117132163,L1:ASC-X_TR_A_NSUM_OUT_DQ,0.22382625937461853,0.9185845255851746,NO_CORRELATION,ROBUST,0.4478968977928161,idxq4-64_queryq4-64,ASC,NO_CORRELATION
L1,1377439420,Family_01,7,116,13340,0.6947269439697266,0.4007305516249124,L1:CAL-PCALY_RX_PD_OUT_DQ,0.2209654003381729,0.8442932367324829,NO_CORRELATION,ROBUST,0.430944949388504,idxq4-64_queryq4-64,CAL_LINE,NO_CORRELATION
L1,1377552508,Family_01,7,116,13340,0.8333975672721863,0.5331944713747918,L1:SUS-ETMX_L3_CAL_LINE_OUT_DQ,0.24207812547683716,0.9057915210723877,NO_CORRELATION,BACKGROUND,0.1245303750038147,idxq4-64_queryq4-64,CAL_LINE,NO_CORRELATION
L1,1377844316,Family_01,7,114,12882,0.6777790784835815,0.7702052441177224,L1:IMC-WFS_B_I_PIT_OUT_DQ,0.3597545623779297,0.794172465801239,COUPLED,BACKGROUND,0.0937894210219383,idxq4-64_queryq4-64,IMC,SUSPECT
L1,1378009564,Family_01,7,132,17292,0.8729608058929443,0.3960596375039114,L1:IMC-WFS_B_I_PIT_OUT_DQ,0.7384964823722839,0.9122799634933472,NO_CORRELATION,AMBIGUOUS,0.1616334319114685,idxq4-64_queryq4-64,IMC,NO_CORRELATION
L1,1378021148,Family_01,7,127,16002,0.8346485495567322,0.8128939192930569,L1:IMC-WFS_B_I_PIT_OUT_DQ,0.7324594259262085,0.9101848006248474,NO_CORRELATION,BACKGROUND,0.0839771032333374,idxq4-64_queryq4-64,IMC,NO_CORRELATION
L1,1378325180,Family_01,7,129,16512,0.8831906318664551,0.6889703016587093,L1:ASC-X_TR_A_NSUM_OUT_DQ,0.5632196068763733,0.8868641257286072,NO_CORRELATION,AMBIGUOUS,0.1970830261707306,idxq4-64_queryq4-64,ASC,NO_CORRELATION
L1,1378361856,Family_01,7,123,15006,0.6611931920051575,0.4067552044483498,L1:IMC-WFS_B_I_PIT_OUT_DQ,0.37155911326408386,0.852644145488739,NO_CORRELATION,BACKGROUND,0.0655566528439521,idxq4-64_queryq4-64,IMC,NO_CORRELATION
L1,1378383260,Family_01,7,124,15252,0.7110525369644165,0.7355241470132281,L1:IMC-WFS_B_I_PIT_OUT_DQ,0.38168197870254517,0.7999850511550903,COUPLED,BACKGROUND,0.0727348327636718,idxq4-64_queryq4-64,IMC,SUSPECT
L1,1378433340,Family_01,7,122,14762,0.7093557119369507,0.6252779142285424,L1:CAL-PCALY_RX_PD_OUT_DQ,0.2315521538257599,0.8635069727897644,NO_CORRELATION,BACKGROUND,0.0789524540305137,idxq4-64_queryq4-64,CAL_LINE,NO_CORRELATION
L1,1378540924,Family_01,7,116,13340,0.7218477129936218,0.8194063975573748,L1:IMC-WFS_B_I_PIT_OUT_DQ,0.3718796968460083,0.8430634140968323,COUPLED,BACKGROUND,0.1089411601424217,idxq4-64_queryq4-64,IMC,SUSPECT
L1,1378652764,Family_01,7,110,11990,0.8460032939910889,0.6415747288920669,L1:ASC-X_TR_A_NSUM_OUT_DQ,0.42399853467941284,0.8806149959564209,NO_CORRELATION,BACKGROUND,0.1501694917678833,idxq4-64_queryq4-64,ASC,NO_CORRELATION
L1,1378761340,Family_01,7,116,13340,0.7251120805740356,0.369826621609674,L1:ASC-X_TR_A_NSUM_OUT_DQ,0.22835169732570648,0.9178455471992493,NO_CORRELATION,AMBIGUOUS,0.1543441414833068,idxq4-64_queryq4-64,ASC,NO_CORRELATION
L1,1378781980,Family_01,7,114,12882,0.7096090316772461,0.8369542672135192,L1:IMC-WFS_B_I_PIT_OUT_DQ,0.3904379606246948,0.8427609205245972,COUPLED,BACKGROUND,0.0673735737800598,idxq4-64_queryq4-64,IMC,SUSPECT
L1,1378810076,Family_01,7,110,11990,0.6857142448425293,0.9365109888965896,L1:SUS-ETMX_L2_CAL_LINE_OUT_DQ,0.19498448073863983,0.7885160446166992,COUPLED,BACKGROUND,0.0799912884831428,idxq4-64_queryq4-64,CAL_LINE,COUPLED
L1,1378967996,Family_01,7,133,17556,0.6774942874908447,0.6981954032842543,L1:IMC-WFS_B_I_PIT_OUT_DQ,0.41553106904029846,0.7951804995536804,COUPLED,AMBIGUOUS,0.1584947556257248,idxq4-64_queryq4-64,IMC,SUSPECT
L1,1379317180,Family_01,7,123,15006,0.8436473608016968,0.8240147284832148,L1:IMC-WFS_B_I_PIT_OUT_DQ,0.48489126563072205,0.9385833740234375,NO_CORRELATION,BACKGROUND,0.1359146684408188,idxq4-64_queryq4-64,IMC,NO_CORRELATION
L1,1379439132,Family_01,7,124,15252,0.7031913995742798,0.4153675543591885,L1:ASC-X_TR_A_NSUM_OUT_DQ,0.23219211399555206,0.8141698837280273,NO_CORRELATION,ROBUST,0.42450812458992,idxq4-64_queryq4-64,ASC,NO_CORRELATION
L1,1379948508,Family_01,7,128,16256,0.8014026284217834,0.2832173053967518,L1:IMC-WFS_B_I_PIT_OUT_DQ,0.40199148654937744,0.8628034591674805,NO_CORRELATION,BACKGROUND,0.1397778838872909,idxq4-64_queryq4-64,IMC,NO_CORRELATION
L1,1379972892,Family_01,7,128,16256,0.8014026284217834,0.306673264925708,L1:SUS-ETMX_L3_CAL_LINE_OUT_DQ,0.2600836455821991,0.8628034591674805,NO_CORRELATION,BACKGROUND,0.1192960441112518,idxq4-64_queryq4-64,CAL_LINE,NO_CORRELATION
L1,1380263452,Family_01,7,126,15750,0.6674351096153259,0.5457895075861453,L1:ASC-X_TR_A_NSUM_OUT_DQ,0.5170354843139648,0.7890130877494812,NO_CORRELATION,BACKGROUND,0.141014963388443,idxq4-64_queryq4-64,ASC,NO_CORRELATION
L1,1380327164,Family_01,7,125,15500,0.8351985216140747,0.4428220746615742,L1:SUS-ETMX_L1_CAL_LINE_OUT_DQ,0.22489096224308014,0.8870869278907776,NO_CORRELATION,BACKGROUND,0.1207427158951759,idxq4-64_queryq4-64,CAL_LINE,NO_CORRELATION
L1,1380566428,Family_01,7,104,10712,0.706030547618866,0.2580541416945832,L1:IMC-WFS_B_I_PIT_OUT_DQ,0.3176707923412323,0.7921996712684631,NO_CORRELATION,AMBIGUOUS,0.1919731050729751,idxq4-64_queryq4-64,IMC,NO_CORRELATION
L1,1380568604,Family_01,7,104,10712,0.706030547618866,0.6742251945644253,L1:IMC-WFS_B_I_PIT_OUT_DQ,0.3176707923412323,0.7921996712684631,NO_CORRELATION,AMBIGUOUS,0.2118258774280548,idxq4-64_queryq4-64,IMC,NO_CORRELATION
L1,1382955228,Singleton_1382955228,7,116,13340,0.6627429127693176,0.4784850756301909,L1:ASC-X_TR_A_NSUM_OUT_DQ,0.6043713688850403,0.7891485691070557,NO_CORRELATION,ROBUST,0.5988767743110657,idxq4-64_queryq4-64,ASC,NO_CORRELATION
L1,1382968796,Family_01,7,122,14762,0.6987271308898926,0.7026100715608912,L1:SUS-ETMX_L2_CAL_LINE_OUT_DQ,0.2004799097776413,0.8199610710144043,COUPLED,ROBUST,0.3423391580581665,idxq4-64_queryq4-64,CAL_LINE,SUSPECT
L1,1383562240,Family_01,7,112,12432,0.603398859500885,0.5960568252765126,L1:CAL-PCALY_RX_PD_OUT_DQ,0.41045957803726196,0.7186501026153564,NO_CORRELATION,BACKGROUND,0.0692173317074775,idxq4-64_queryq4-64,CAL_LINE,NO_CORRELATION
L1,1383602620,Family_01,7,121,14520,0.7245963215827942,0.4182588565865211,L1:CAL-PCALY_RX_PD_OUT_DQ,0.49464598298072815,0.8604075312614441,NO_CORRELATION,BACKGROUND,0.0832247212529182,idxq4-64_queryq4-64,CAL_LINE,NO_CORRELATION
L1,1383719836,Family_01,7,116,13340,0.6569061875343323,0.4981739683686761,L1:IMC-WFS_B_I_PIT_OUT_DQ,0.3293344974517822,0.7269943952560425,NO_CORRELATION,ROBUST,0.4212601482868194,idxq4-64_queryq4-64,IMC,NO_CORRELATION
L1,1383918620,Family_01,7,133,17556,0.7648522257804871,0.3692208410671151,L1:CAL-PCALY_RX_PD_OUT_DQ,0.23681120574474335,0.8596752882003784,NO_CORRELATION,ROBUST,0.2772253155708313,idxq4-64_queryq4-64,CAL_LINE,NO_CORRELATION
L1,1384365788,Family_01,7,128,16256,0.6431795358657837,0.2822335644034159,L1:CAL-PCALX_RX_PD_OUT_DQ,0.23936331272125244,0.7543004155158997,NO_CORRELATION,BACKGROUND,0.0873155370354652,idxq4-64_queryq4-64,CAL_LINE,NO_CORRELATION
L1,1384387932,Family_01,7,144,20592,0.6730214357376099,0.7916774793946231,L1:SUS-ETMX_L3_CAL_LINE_OUT_DQ,0.24314798414707184,0.7364924550056458,COUPLED,BACKGROUND,0.1369341760873794,idxq4-64_queryq4-64,CAL_LINE,COUPLED
L1,1384403260,Family_01,7,123,15006,0.7847157716751099,0.7195238150549638,L1:IMC-WFS_B_I_PIT_OUT_DQ,0.43899422883987427,0.895934522151947,NO_CORRELATION,BACKGROUND,0.1264127194881439,idxq4-64_queryq4-64,IMC,NO_CORRELATION
L1,1384412764,Family_01,7,120,14280,0.780896782875061,0.6076637851418104,L1:IMC-WFS_B_I_PIT_OUT_DQ,0.37907031178474426,0.8534699082374573,NO_CORRELATION,AMBIGUOUS,0.2014142274856567,idxq4-64_queryq4-64,IMC,NO_CORRELATION
L1,1384518396,Family_01,7,136,18360,0.7728171944618225,0.3071898947330339,L1:IMC-WFS_B_I_PIT_OUT_DQ,0.3345085382461548,0.8657764792442322,NO_CORRELATION,BACKGROUND,0.1233971938490867,idxq4-64_queryq4-64,IMC,NO_CORRELATION
L1,1385752092,Family_01,7,129,16512,0.5402065515518188,0.3876518350168761,L1:IMC-WFS_B_I_PIT_OUT_DQ,0.3019506633281708,0.6213741898536682,NO_CORRELATION,BACKGROUND,0.1381015330553054,idxq4-64_queryq4-64,IMC,NO_CORRELATION
L1,1388678172,Family_01,7,74,5402,0.7341582179069519,0.533203801752813,L1:ASC-X_TR_A_NSUM_OUT_DQ,0.6177634596824646,0.8338607549667358,NO_CORRELATION,ROBUST,0.4524491131305694,idxq4-64_queryq4-64,ASC,NO_CORRELATION
L1,1389011516,Family_01,7,132,17292,0.8204007744789124,0.8433816957536837,L1:ASC-X_TR_A_NSUM_OUT_DQ,0.7068199515342712,0.8822712302207947,COUPLED,ROBUST,0.4373535215854645,idxq4-64_queryq4-64,ASC,SUSPECT
