detector,gps_start,family,source,dsd_class,dsd_score,taxonomy_representation
L1,1370926300,Family_01,family,ROBUST,0.219608873128891,idxq4-64_queryq4-64
L1,1383918620,Family_01,family,ROBUST,0.2772253155708313,idxq4-64_queryq4-64
L1,1382968796,Family_01,family,ROBUST,0.3423391580581665,idxq4-64_queryq4-64
H1,1388414492,Family_01,family,ROBUST,0.3899151384830475,idxq4-64_queryq4-64
L1,1373813628,Family_01,family,ROBUST,0.406109869480133,idxq4-64_queryq4-64
L1,1370953084,Family_01,family,ROBUST,0.4129555523395538,idxq4-64_queryq4-64
H1,1370330876,Family_01,family,ROBUST,0.4171993732452392,idxq4-64_queryq4-64
L1,1383719836,Family_01,family,ROBUST,0.4212601482868194,idxq4-64_queryq4-64
L1,1379439132,Family_01,family,ROBUST,0.42450812458992,idxq4-64_queryq4-64
H1,1377857596,Family_01,family,ROBUST,0.4278451800346374,idxq4-64_queryq4-64
L1,1377439420,Family_01,family,ROBUST,0.430944949388504,idxq4-64_queryq4-64
H1,1383979004,Family_01,family,ROBUST,0.4341764152050018,idxq4-64_queryq4-64
L1,1389011516,Family_01,family,ROBUST,0.4373535215854645,idxq4-64_queryq4-64
H1,1374464092,Family_01,family,ROBUST,0.4406278431415558,idxq4-64_queryq4-64
L1,1375260316,Family_01,family,ROBUST,0.4438816010951996,idxq4-64_queryq4-64
L1,1376689244,Family_01,family,ROBUST,0.4478968977928161,idxq4-64_queryq4-64
L1,1388678172,Family_01,family,ROBUST,0.4524491131305694,idxq4-64_queryq4-64
H1,1370219516,Family_01,family,ROBUST,0.4582412242889404,idxq4-64_queryq4-64
H1,1372441852,Family_01,family,ROBUST,0.4666833877563476,idxq4-64_queryq4-64
H1,1376545820,Family_01,family,ROBUST,0.4781690537929535,idxq4-64_queryq4-64
H1,1374963452,Family_01,family,ROBUST,0.5625473260879517,idxq4-64_queryq4-64
H1,1374142108,Family_01,family,AMBIGUOUS,0.13800710439682,idxq4-64_queryq4-64
H1,1379923932,Family_01,family,AMBIGUOUS,0.1440875679254531,idxq4-64_queryq4-64
H1,1381814428,Family_01,family,AMBIGUOUS,0.1507640331983566,idxq4-64_queryq4-64
L1,1378761340,Family_01,family,AMBIGUOUS,0.1543441414833068,idxq4-64_queryq4-64
L1,1378967996,Family_01,family,AMBIGUOUS,0.1584947556257248,idxq4-64_queryq4-64
L1,1378009564,Family_01,family,AMBIGUOUS,0.1616334319114685,idxq4-64_queryq4-64
L1,1369271388,Family_01,family,AMBIGUOUS,0.1648580282926559,idxq4-64_queryq4-64
H1,1379116124,Family_01,family,AMBIGUOUS,0.1688074022531509,idxq4-64_queryq4-64
H1,1379116028,Family_01,family,AMBIGUOUS,0.172880619764328,idxq4-64_queryq4-64
L1,1373815196,Family_01,family,AMBIGUOUS,0.1773176342248916,idxq4-64_queryq4-64
L1,1372237020,Family_01,family,AMBIGUOUS,0.1821765750646591,idxq4-64_queryq4-64
L1,1369524060,Family_01,family,AMBIGUOUS,0.1870284676551818,idxq4-64_queryq4-64
L1,1380566428,Family_01,family,AMBIGUOUS,0.1919731050729751,idxq4-64_queryq4-64
L1,1378325180,Family_01,family,AMBIGUOUS,0.1970830261707306,idxq4-64_queryq4-64
L1,1384412764,Family_01,family,AMBIGUOUS,0.2014142274856567,idxq4-64_queryq4-64
H1,1378490076,Family_01,family,ROBUST,0.2066894322633743,idxq4-64_queryq4-64
L1,1380568604,Family_01,family,AMBIGUOUS,0.2118258774280548,idxq4-64_queryq4-64
L1,1376313212,Family_01,family,AMBIGUOUS,0.2186657637357711,idxq4-64_queryq4-64
H1,1374061948,Family_01,family,ROBUST,0.2409579306840896,idxq4-64_queryq4-64
H1,1373264252,Family_01,family,ROBUST,0.2691144645214081,idxq4-64_queryq4-64
H1,1377509376,Family_01,family,BACKGROUND,0.0493034869432449,idxq4-64_queryq4-64
L1,1372501504,Family_01,family,BACKGROUND,0.0573009327054023,idxq4-64_queryq4-64
L1,1372255744,Family_01,family,BACKGROUND,0.0600379221141338,idxq4-64_queryq4-64
L1,1369630976,Family_01,family,BACKGROUND,0.0628662556409835,idxq4-64_queryq4-64
L1,1378361856,Family_01,family,BACKGROUND,0.0655566528439521,idxq4-64_queryq4-64
L1,1378781980,Family_01,family,BACKGROUND,0.0673735737800598,idxq4-64_queryq4-64
L1,1383562240,Family_01,family,BACKGROUND,0.0692173317074775,idxq4-64_queryq4-64
H1,1371206656,Family_01,family,BACKGROUND,0.0704624205827713,idxq4-64_queryq4-64
L1,1369298588,Family_01,family,BACKGROUND,0.0716033801436424,idxq4-64_queryq4-64
L1,1378383260,Family_01,family,BACKGROUND,0.0727348327636718,idxq4-64_queryq4-64
L1,1372118300,Family_01,family,BACKGROUND,0.0739753246307373,idxq4-64_queryq4-64
L1,1372151452,Family_01,family,BACKGROUND,0.0752179101109504,idxq4-64_queryq4-64
L1,1370012284,Family_01,family,BACKGROUND,0.0760701522231102,idxq4-64_queryq4-64
L1,1372294140,Family_01,family,BACKGROUND,0.0769074708223342,idxq4-64_queryq4-64
H1,1376661756,Family_01,family,BACKGROUND,0.0779317319393158,idxq4-64_queryq4-64
L1,1378433340,Family_01,family,BACKGROUND,0.0789524540305137,idxq4-64_queryq4-64
L1,1378810076,Family_01,family,BACKGROUND,0.0799912884831428,idxq4-64_queryq4-64
H1,1383298684,Family_01,family,BACKGROUND,0.0805712640285492,idxq4-64_queryq4-64
H1,1386783232,Family_01,family,BACKGROUND,0.0812820866703987,idxq4-64_queryq4-64
H1,1369857308,Family_01,family,BACKGROUND,0.0821491479873657,idxq4-64_queryq4-64
L1,1383602620,Family_01,family,BACKGROUND,0.0832247212529182,idxq4-64_queryq4-64
L1,1378021148,Family_01,family,BACKGROUND,0.0839771032333374,idxq4-64_queryq4-64
H1,1379228092,Family_01,family,BACKGROUND,0.0845368057489395,idxq4-64_queryq4-64
H1,1388184828,Family_01,family,BACKGROUND,0.085406444966793,idxq4-64_queryq4-64
H1,1373822940,Family_01,family,BACKGROUND,0.0859870240092277,idxq4-64_queryq4-64
H1,1377683132,Family_01,family,BACKGROUND,0.0866388976573944,idxq4-64_queryq4-64
L1,1384365788,Family_01,family,BACKGROUND,0.0873155370354652,idxq4-64_queryq4-64
L1,1370975356,Family_01,family,BACKGROUND,0.0881917029619216,idxq4-64_queryq4-64
H1,1377279356,Family_01,family,BACKGROUND,0.0889501422643661,idxq4-64_queryq4-64
H1,1376495996,Family_01,family,BACKGROUND,0.0896761417388916,idxq4-64_queryq4-64
H1,1388328060,Family_01,family,BACKGROUND,0.0903052985668182,idxq4-64_queryq4-64
H1,1383890108,Family_01,family,BACKGROUND,0.0909956470131874,idxq4-64_queryq4-64
H1,1374167292,Family_01,family,BACKGROUND,0.0915746986865997,idxq4-64_queryq4-64
H1,1389013852,Family_01,family,BACKGROUND,0.0920632034540176,idxq4-64_queryq4-64
L1,1369327228,Family_01,family,BACKGROUND,0.092566505074501,idxq4-64_queryq4-64
L1,1370938204,Family_01,family,BACKGROUND,0.0931800752878189,idxq4-64_queryq4-64
L1,1377844316,Family_01,family,BACKGROUND,0.0937894210219383,idxq4-64_queryq4-64
H1,1387122588,Family_01,family,BACKGROUND,0.0943701788783073,idxq4-64_queryq4-64
H1,1384241532,Family_01,family,BACKGROUND,0.0949319303035736,idxq4-64_queryq4-64
H1,1376348412,Family_01,family,BACKGROUND,0.0956818908452987,idxq4-64_queryq4-64
H1,1387494940,Family_01,family,BACKGROUND,0.096434362232685,idxq4-64_queryq4-64
H1,1381335100,Family_01,family,BACKGROUND,0.0970928966999054,idxq4-64_queryq4-64
H1,1374125852,Family_01,family,BACKGROUND,0.0975576713681221,idxq4-64_queryq4-64
H1,1372354524,Family_01,family,BACKGROUND,0.0981285274028778,idxq4-64_queryq4-64
H1,1383564188,Family_01,family,BACKGROUND,0.0985890701413154,idxq4-64_queryq4-64
H1,1387273692,Family_01,family,BACKGROUND,0.0990295335650444,idxq4-64_queryq4-64
H1,1384782428,Family_01,family,BACKGROUND,0.0996956825256347,idxq4-64_queryq4-64
L1,1370823068,Family_01,family,BACKGROUND,0.100389540195465,idxq4-64_queryq4-64
H1,1388314268,Family_01,family,BACKGROUND,0.1012685894966125,idxq4-64_queryq4-64
H1,1377343004,Family_01,family,BACKGROUND,0.1018185243010521,idxq4-64_queryq4-64
H1,1372522876,Family_01,family,BACKGROUND,0.1026497855782508,idxq4-64_queryq4-64
H1,1374485436,Family_01,family,BACKGROUND,0.1036921590566635,idxq4-64_queryq4-64
H1,1387258556,Family_01,family,BACKGROUND,0.1043968796730041,idxq4-64_queryq4-64
H1,1382975324,Family_01,family,BACKGROUND,0.1051264479756355,idxq4-64_queryq4-64
H1,1373268380,Family_01,family,BACKGROUND,0.1057617142796516,idxq4-64_queryq4-64
H1,1385210908,Family_01,family,BACKGROUND,0.1062146201729774,idxq4-64_queryq4-64
H1,1371361884,Family_01,family,BACKGROUND,0.1069522872567176,idxq4-64_queryq4-64
H1,1387124124,Family_01,family,BACKGROUND,0.1075926199555397,idxq4-64_queryq4-64
H1,1388669948,Family_01,family,BACKGROUND,0.1083390042185783,idxq4-64_queryq4-64
L1,1378540924,Family_01,family,BACKGROUND,0.1089411601424217,idxq4-64_queryq4-64
H1,1373581660,Family_01,family,BACKGROUND,0.1094225049018859,idxq4-64_queryq4-64
H1,1389040412,Family_01,family,BACKGROUND,0.110229954123497,idxq4-64_queryq4-64
H1,1389002364,Family_01,family,BACKGROUND,0.1111408025026321,idxq4-64_queryq4-64
H1,1382944060,Family_01,family,BACKGROUND,0.1117795556783676,idxq4-64_queryq4-64
H1,1389430300,Family_01,family,BACKGROUND,0.1125234961509704,idxq4-64_queryq4-64
H1,1383721116,Family_01,family,BACKGROUND,0.1133032813668251,idxq4-64_queryq4-64
H1,1379498396,Family_01,family,BACKGROUND,0.1138243004679679,idxq4-64_queryq4-64
H1,1370796892,Family_01,family,BACKGROUND,0.1147906482219696,idxq4-64_queryq4-64
L1,1370798972,Family_01,family,BACKGROUND,0.115598440170288,idxq4-64_queryq4-64
H1,1372450524,Family_01,family,BACKGROUND,0.116712138056755,idxq4-64_queryq4-64
H1,1389305436,Family_01,family,BACKGROUND,0.1176193207502365,idxq4-64_queryq4-64
H1,1374175036,Family_01,family,BACKGROUND,0.1185487285256385,idxq4-64_queryq4-64
L1,1379972892,Family_01,family,BACKGROUND,0.1192960441112518,idxq4-64_queryq4-64
H1,1372736092,Family_01,family,BACKGROUND,0.1199751496315002,idxq4-64_queryq4-64
L1,1380327164,Family_01,family,BACKGROUND,0.1207427158951759,idxq4-64_queryq4-64
H1,1381677244,Family_01,family,BACKGROUND,0.1216593906283378,idxq4-64_queryq4-64
H1,1382656028,Family_01,family,BACKGROUND,0.1225944384932518,idxq4-64_queryq4-64
L1,1384518396,Family_01,family,BACKGROUND,0.1233971938490867,idxq4-64_queryq4-64
L1,1377552508,Family_01,family,BACKGROUND,0.1245303750038147,idxq4-64_queryq4-64
H1,1383335996,Family_01,family,BACKGROUND,0.1255227029323578,idxq4-64_queryq4-64
L1,1384403260,Family_01,family,BACKGROUND,0.1264127194881439,idxq4-64_queryq4-64
H1,1380240220,Family_01,family,BACKGROUND,0.1274660378694534,idxq4-64_queryq4-64
H1,1388368796,Family_01,family,BACKGROUND,0.1284635514020919,idxq4-64_queryq4-64
H1,1387258012,Family_01,family,BACKGROUND,0.1294050514698028,idxq4-64_queryq4-64
H1,1378854844,Family_01,family,AMBIGUOUS,0.1303783357143402,idxq4-64_queryq4-64
H1,1389440476,Family_01,family,AMBIGUOUS,0.1311733126640319,idxq4-64_queryq4-64
H1,1374508380,Family_01,family,AMBIGUOUS,0.1324371397495269,idxq4-64_queryq4-64
H1,1387486620,Family_01,family,AMBIGUOUS,0.1334612667560577,idxq4-64_queryq4-64
H1,1380826332,Family_01,family,AMBIGUOUS,0.1347539126873016,idxq4-64_queryq4-64
L1,1379317180,Family_01,family,BACKGROUND,0.1359146684408188,idxq4-64_queryq4-64
L1,1384387932,Family_01,family,BACKGROUND,0.1369341760873794,idxq4-64_queryq4-64
L1,1385752092,Family_01,family,BACKGROUND,0.1381015330553054,idxq4-64_queryq4-64
L1,1379948508,Family_01,family,BACKGROUND,0.1397778838872909,idxq4-64_queryq4-64
L1,1380263452,Family_01,family,BACKGROUND,0.141014963388443,idxq4-64_queryq4-64
L1,1370967068,Family_01,family,BACKGROUND,0.1427672058343887,idxq4-64_queryq4-64
L1,1370866172,Family_01,family,BACKGROUND,0.1458134353160858,idxq4-64_queryq4-64
L1,1370281212,Family_01,family,BACKGROUND,0.1482953578233719,idxq4-64_queryq4-64
L1,1378652764,Family_01,family,BACKGROUND,0.1501694917678833,idxq4-64_queryq4-64
H1,1369305276,Singleton_1369305276,singleton,ROBUST,0.4300166964530945,idxq4-64_queryq4-64
L1,1382955228,Singleton_1382955228,singleton,ROBUST,0.5988767743110657,idxq4-64_queryq4-64
