candidate_key,gps_start,detector,robustness_class_idxq4_64_queryq4_64,native_score_idxq4_64_queryq4_64,autoencoder_percentile_mean,autoencoder_percentile_seed_42,autoencoder_mse_seed_42,autoencoder_percentile_seed_314159,autoencoder_mse_seed_314159,autoencoder_percentile_seed_271828,autoencoder_mse_seed_271828
H1:1383154396,1383154396.0,H1,ROBUST,0.2041300684213638,0.8778625954198475,0.8473282442748091,1.011595606803894,0.8931297709923665,1.0174760818481445,0.8931297709923665,1.0402296781539917
H1:1387060956,1387060956.0,H1,ROBUST,0.2041793018579483,0.9847328244274808,0.9847328244274809,1.2524974346160889,0.9923664122137404,1.2730075120925903,0.9770992366412213,1.2312548160552979
H1:1386387836,1386387836.0,H1,ROBUST,0.2045145183801651,0.08396946564885495,0.12213740458015267,0.7883709669113159,0.06870229007633588,0.760466992855072,0.061068702290076333,0.7609944939613342
H1:1388201532,1388201532.0,H1,ROBUST,0.2045888900756836,0.9847328244274808,0.9847328244274809,1.2026772499084473,0.9923664122137404,1.1928701400756836,0.9770992366412213,1.2464780807495117
H1:1380948700,1380948700.0,H1,ROBUST,0.2046364843845367,0.3358778625954198,0.3435114503816794,0.8556126356124878,0.3511450381679389,0.8445091247558594,0.31297709923664124,0.8461875915527344
H1:1384691836,1384691836.0,H1,ROBUST,0.2047856003046035,0.989821882951654,0.9923664122137404,1.4083547592163086,0.9923664122137404,1.3825688362121582,0.9847328244274809,1.3017966747283936
H1:1373260028,1373260028.0,H1,ROBUST,0.2050518691539764,0.07379134860050891,0.06870229007633588,0.7631502747535706,0.07633587786259542,0.771453320980072,0.07633587786259542,0.7682209014892578
H1:1370069980,1370069980.0,H1,ROBUST,0.2051543891429901,0.9872773536895675,0.9847328244274809,1.3028852939605713,0.9923664122137404,1.3412318229675293,0.9847328244274809,1.3199002742767334
H1:1389072700,1389072700.0,H1,ROBUST,0.2052503824234008,0.5139949109414759,0.5877862595419847,0.924602746963501,0.5114503816793893,0.89753258228302,0.44274809160305345,0.88632732629776
H1:1389294332,1389294332.0,H1,ROBUST,0.2056476026773452,0.9847328244274808,0.9847328244274809,1.3040647506713867,0.9923664122137404,1.2355055809020996,0.9770992366412213,1.2652885913848877
H1:1383439900,1383439900.0,H1,ROBUST,0.2056944817304611,0.732824427480916,0.7251908396946565,0.9643244743347168,0.732824427480916,0.9645121097564697,0.7404580152671756,0.9738569259643555
H1:1381337372,1381337372.0,H1,ROBUST,0.2059470266103744,0.712468193384224,0.7251908396946565,0.9666423797607422,0.6870229007633588,0.9531914591789246,0.7251908396946565,0.9710068106651306
H1:1383923772,1383923772.0,H1,ROBUST,0.2061814218759536,0.9363867684478372,0.9694656488549618,1.1084340810775757,0.9618320610687023,1.0847625732421875,0.8778625954198473,1.0299293994903564
H1:1377411036,1377411036.0,H1,ROBUST,0.2061912268400192,0.8117048346055978,0.8396946564885496,1.0011048316955566,0.8244274809160306,0.9963222742080688,0.7709923664122137,0.9854309558868408
H1:1374064540,1374064540.0,H1,ROBUST,0.2065671235322952,0.4885496183206108,0.549618320610687,0.9165463447570801,0.4732824427480916,0.8883123993873596,0.44274809160305345,0.884326159954071
H1:1378490076,1378490076.0,H1,ROBUST,0.2066894322633743,0.8498727735368957,0.8473282442748091,1.0127184391021729,0.8320610687022901,0.999801754951477,0.8702290076335878,1.0218855142593384
H1:1368994780,1368994780.0,H1,ROBUST,0.206779196858406,0.89058524173028,0.8625954198473282,1.0259153842926025,0.916030534351145,1.0283606052398682,0.8931297709923665,1.0413827896118164
H1:1377757884,1377757884.0,H1,ROBUST,0.2068425118923187,0.9491094147582698,0.916030534351145,1.0443180799484253,0.9618320610687023,1.1201701164245605,0.9694656488549618,1.1316264867782593
H1:1370289628,1370289628.0,H1,ROBUST,0.2073927521705627,0.1450381679389313,0.12213740458015267,0.7842788696289062,0.16793893129770993,0.8045494556427002,0.1450381679389313,0.7954049110412598
H1:1382096828,1382096828.0,H1,ROBUST,0.2075165659189224,0.9567430025445293,0.9694656488549618,1.1032450199127197,0.9389312977099237,1.050167202949524,0.9618320610687023,1.0988444089889526
H1:1387081468,1387081468.0,H1,ROBUST,0.2078082263469696,0.26463104325699743,0.2824427480916031,0.8362432718276978,0.22137404580152673,0.8178013563156128,0.2900763358778626,0.8279056549072266
H1:1381853148,1381853148.0,H1,ROBUST,0.2078990340232849,0.8702290076335878,0.8473282442748091,1.013698935508728,0.8854961832061069,1.013501763343811,0.8778625954198473,1.030510663986206
H1:1383817468,1383817468.0,H1,ROBUST,0.2080277055501938,0.6513994910941476,0.6259541984732825,0.9375560283660889,0.648854961832061,0.9371368885040283,0.6793893129770993,0.9583137631416321
H1:1374633724,1374633724.0,H1,ROBUST,0.2082558274269104,0.9872773536895675,0.9847328244274809,1.276806116104126,0.9923664122137404,1.2760653495788574,0.9847328244274809,1.2972204685211182
H1:1384843324,1384843324.0,H1,ROBUST,0.2085751891136169,0.9669211195928753,0.9694656488549618,1.1105611324310303,0.9618320610687023,1.11519193649292,0.9694656488549618,1.1221915483474731
H1:1388983772,1388983772.0,H1,ROBUST,0.2086841166019439,0.9236641221374047,0.916030534351145,1.0424103736877441,0.9389312977099237,1.0428831577301025,0.916030534351145,1.052532434463501
H1:1378651900,1378651900.0,H1,ROBUST,0.2087671011686325,0.07124681933842239,0.05343511450381679,0.7552903890609741,0.0916030534351145,0.7772758603096008,0.06870229007633588,0.7617138028144836
H1:1382683164,1382683164.0,H1,ROBUST,0.2092533707618713,0.43256997455470736,0.35877862595419846,0.8656424283981323,0.4580152671755725,0.8832172155380249,0.48091603053435117,0.9019309878349304
H1:1378795996,1378795996.0,H1,ROBUST,0.2092803567647934,0.6895674300254453,0.7175572519083969,0.9621514678001404,0.6641221374045801,0.9458330869674683,0.6870229007633588,0.9619895815849304
H1:1382559932,1382559932.0,H1,ROBUST,0.2095967978239059,0.2748091603053435,0.22137404580152673,0.8167937994003296,0.2900763358778626,0.8327097296714783,0.31297709923664124,0.846113383769989
H1:1381680444,1381680444.0,H1,ROBUST,0.2096303105354309,0.9847328244274808,0.9847328244274809,1.2217590808868408,0.9923664122137404,1.2163348197937012,0.9770992366412213,1.224104642868042
H1:1369441596,1369441596.0,H1,ROBUST,0.210274800658226,0.9847328244274808,0.9847328244274809,1.2279908657073975,0.9923664122137404,1.2217128276824951,0.9770992366412213,1.1908594369888306
H1:1388330204,1388330204.0,H1,ROBUST,0.2102764993906021,0.7353689567430025,0.7404580152671756,0.9747345447540283,0.7404580152671756,0.9667725563049316,0.7251908396946565,0.9708908200263977
H1:1382519772,1382519772.0,H1,ROBUST,0.210371047258377,0.13994910941475827,0.1450381679389313,0.792793869972229,0.13740458015267176,0.7946804761886597,0.13740458015267176,0.7882282733917236
H1:1383158492,1383158492.0,H1,ROBUST,0.2103741019964218,0.7684478371501271,0.7709923664122137,0.9789050817489624,0.7557251908396947,0.9722752571105957,0.7786259541984732,0.9903820753097534
H1:1381738460,1381738460.0,H1,ROBUST,0.2106201350688934,0.8931297709923663,0.9083969465648855,1.0387659072875977,0.8931297709923665,1.015415906906128,0.8778625954198473,1.0310322046279907
H1:1376361020,1376361020.0,H1,ROBUST,0.2106214165687561,0.20356234096692113,0.22137404580152673,0.8122673034667969,0.11450381679389313,0.7862825989723206,0.2748091603053435,0.8232840299606323
H1:1369404316,1369404316.0,H1,ROBUST,0.2106449902057647,0.9363867684478371,0.9312977099236641,1.054911494255066,0.9389312977099237,1.0496809482574463,0.9389312977099237,1.0758891105651855
H1:1374118652,1374118652.0,H1,ROBUST,0.2109288722276687,0.29770992366412213,0.29770992366412213,0.8409562110900879,0.20610687022900764,0.8128783106803894,0.3893129770992366,0.8681048154830933
H1:1369918684,1369918684.0,H1,ROBUST,0.2109617888927459,0.9745547073791347,0.9694656488549618,1.1349430084228516,0.9770992366412213,1.1424400806427002,0.9770992366412213,1.1713168621063232
H1:1369550332,1369550332.0,H1,AMBIGUOUS,0.2040440589189529,0.3333333333333333,0.3282442748091603,0.8522821664810181,0.366412213740458,0.8478015661239624,0.3053435114503817,0.8447059988975525
H1:1386304892,1386304892.0,H1,AMBIGUOUS,0.203891173005104,0.7480916030534351,0.7251908396946565,0.9650611877441406,0.7557251908396947,0.9710801839828491,0.7633587786259542,0.9839174747467041
H1:1377329916,1377329916.0,H1,AMBIGUOUS,0.2034889906644821,0.796437659033079,0.8320610687022901,0.9979976415634155,0.8091603053435115,0.985955536365509,0.7480916030534351,0.9776425361633301
H1:1388201660,1388201660.0,H1,AMBIGUOUS,0.2032232731580734,0.9669211195928753,0.9694656488549618,1.1165757179260254,0.9618320610687023,1.1112689971923828,0.9694656488549618,1.1094658374786377
H1:1379117824,1379117824.0,H1,AMBIGUOUS,0.20284403860569,0.989821882951654,0.9923664122137404,1.4260369539260864,0.9923664122137404,1.4398161172866821,0.9847328244274809,1.4438588619232178
H1:1382704956,1382704956.0,H1,AMBIGUOUS,0.2028253525495529,0.9872773536895675,0.9923664122137404,1.4078844785690308,0.9923664122137404,1.613402009010315,0.9770992366412213,1.2757771015167236
H1:1380262076,1380262076.0,H1,AMBIGUOUS,0.2026242166757583,0.5954198473282443,0.5954198473282443,0.932308554649353,0.5877862595419847,0.9157450199127197,0.6030534351145038,0.9361419081687927
H1:1382390492,1382390492.0,H1,AMBIGUOUS,0.2022404372692108,0.34096692111959287,0.3053435114503817,0.8457694053649902,0.3893129770992366,0.8530126810073853,0.3282442748091603,0.8534858822822571
H1:1378180444,1378180444.0,H1,AMBIGUOUS,0.2020144015550613,0.5292620865139949,0.4732824427480916,0.8947551846504211,0.5954198473282443,0.9184232950210571,0.5190839694656488,0.9114072918891907
H1:1382991388,1382991388.0,H1,AMBIGUOUS,0.2019733190536499,0.5012722646310431,0.5038167938931297,0.9034335017204285,0.5114503816793893,0.8990836143493652,0.48854961832061067,0.9033180475234985
H1:1377650076,1377650076.0,H1,AMBIGUOUS,0.2017805129289627,0.9847328244274808,0.9847328244274809,1.2054775953292847,0.9923664122137404,1.191072702407837,0.9770992366412213,1.1998322010040283
H1:1372160252,1372160252.0,H1,AMBIGUOUS,0.2011810541152954,0.9770992366412213,0.9770992366412213,1.1569664478302002,0.9770992366412213,1.144068717956543,0.9770992366412213,1.183762788772583
H1:1370929084,1370929084.0,H1,AMBIGUOUS,0.2010771185159683,0.04580152671755725,0.03816793893129771,0.7388781309127808,0.04580152671755725,0.7358720302581787,0.05343511450381679,0.7513823509216309
H1:1387526940,1387526940.0,H1,AMBIGUOUS,0.2010458409786224,0.9389312977099236,0.9618320610687023,1.06492280960083,0.9389312977099237,1.054504156112671,0.916030534351145,1.0496275424957275
H1:1378892604,1378892604.0,H1,AMBIGUOUS,0.2007082849740982,0.20610687022900764,0.22137404580152673,0.8130601644515991,0.20610687022900764,0.8126503825187683,0.19083969465648856,0.8086771965026855
H1:1372831452,1372831452.0,H1,AMBIGUOUS,0.2003607302904129,0.8498727735368957,0.8473282442748091,1.010070562362671,0.8320610687022901,1.0002537965774536,0.8702290076335878,1.021974802017212
H1:1377426460,1377426460.0,H1,AMBIGUOUS,0.199910283088684,0.9109414758269719,0.8854961832061069,1.0335807800292969,0.9389312977099237,1.0474693775177002,0.9083969465648855,1.045886516571045
H1:1375104380,1375104380.0,H1,AMBIGUOUS,0.1997548788785934,0.3486005089058524,0.3511450381679389,0.8587595224380493,0.3893129770992366,0.8605914115905762,0.3053435114503817,0.8385758399963379
H1:1372734812,1372734812.0,H1,AMBIGUOUS,0.1996074318885803,0.07379134860050891,0.06870229007633588,0.7610509395599365,0.06870229007633588,0.7701467275619507,0.08396946564885496,0.7743273377418518
H1:1372177884,1372177884.0,H1,AMBIGUOUS,0.1993211954832077,0.9185750636132314,0.916030534351145,1.040352702140808,0.9236641221374046,1.0341477394104004,0.916030534351145,1.0512161254882812
H1:1388157724,1388157724.0,H1,AMBIGUOUS,0.1992386430501938,0.9669211195928753,0.9694656488549618,1.0969243049621582,0.9618320610687023,1.0962213277816772,0.9694656488549618,1.1263072490692139
H1:1386355452,1386355452.0,H1,AMBIGUOUS,0.1991889923810959,0.8244274809160306,0.8473282442748091,1.0102486610412598,0.816793893129771,0.9908558130264282,0.8091603053435115,1.003335952758789
H1:1379117660,1379117660.0,H1,AMBIGUOUS,0.1988924294710159,0.9872773536895675,0.9847328244274809,1.351257562637329,0.9923664122137404,1.339370608329773,0.9847328244274809,1.3869340419769287
H1:1375529916,1375529916.0,H1,AMBIGUOUS,0.1986145973205566,0.9491094147582696,0.9694656488549618,1.072603464126587,0.9389312977099237,1.0463923215866089,0.9389312977099237,1.0803518295288086
H1:1386558780,1386558780.0,H1,AMBIGUOUS,0.1983190476894378,0.04071246819338422,0.04580152671755725,0.7443227767944336,0.04580152671755725,0.7231160402297974,0.030534351145038167,0.7287554740905762
H1:1377640572,1377640572.0,H1,AMBIGUOUS,0.198015421628952,0.2849872773536896,0.29770992366412213,0.8449891805648804,0.32061068702290074,0.8381311297416687,0.2366412213740458,0.8181365728378296
H1:1377426428,1377426428.0,H1,AMBIGUOUS,0.1979487389326095,0.7201017811704834,0.7175572519083969,0.9617022275924683,0.7404580152671756,0.9665666222572327,0.7022900763358778,0.9678346514701843
H1:1373252284,1373252284.0,H1,AMBIGUOUS,0.1978464126586914,0.7455470737913487,0.7251908396946565,0.9673417806625366,0.7480916030534351,0.9672544598579407,0.7633587786259542,0.9827998876571655
H1:1379117884,1379117884.0,H1,AMBIGUOUS,0.1978085786104202,0.989821882951654,0.9923664122137404,1.4191559553146362,0.9923664122137404,1.360548734664917,0.9847328244274809,1.387932538986206
H1:1373084540,1373084540.0,H1,AMBIGUOUS,0.1976606100797653,0.23155216284987276,0.29770992366412213,0.8427292704582214,0.22137404580152673,0.8202308416366577,0.17557251908396945,0.8058505654335022
H1:1383259740,1383259740.0,H1,AMBIGUOUS,0.197254866361618,0.10178117048346054,0.12213740458015267,0.7842353582382202,0.06870229007633588,0.7707368731498718,0.11450381679389313,0.7849308252334595
H1:1378153404,1378153404.0,H1,AMBIGUOUS,0.1962457746267318,0.050890585241730284,0.03816793893129771,0.7335375547409058,0.05343511450381679,0.7415657043457031,0.061068702290076333,0.7578212022781372
H1:1373004892,1373004892.0,H1,AMBIGUOUS,0.1961318999528885,0.7455470737913487,0.7099236641221374,0.9601202011108398,0.7480916030534351,0.9676755666732788,0.7786259541984732,0.9886641502380371
H1:1386092764,1386092764.0,H1,AMBIGUOUS,0.1956159323453903,0.5241730279898219,0.5267175572519084,0.9106200933456421,0.5267175572519084,0.9022841453552246,0.5190839694656488,0.9159113168716431
H1:1381379804,1381379804.0,H1,AMBIGUOUS,0.1954371929168701,0.9211195928753181,0.9312977099236641,1.0547630786895752,0.9389312977099237,1.0504341125488281,0.8931297709923665,1.0374038219451904
H1:1379112348,1379112348.0,H1,AMBIGUOUS,0.1952331513166427,0.9745547073791349,0.9770992366412213,1.165401577949524,0.9770992366412213,1.1490588188171387,0.9694656488549618,1.118021011352539
H1:1374403036,1374403036.0,H1,AMBIGUOUS,0.1951780766248703,0.6463104325699746,0.6030534351145038,0.9351146221160889,0.6564885496183206,0.9393956065177917,0.6793893129770993,0.9586089849472046
H1:1377442908,1377442908.0,H1,AMBIGUOUS,0.1949282586574554,0.9338422391857506,0.9312977099236641,1.0537610054016113,0.9312977099236641,1.0400702953338623,0.9389312977099237,1.068464756011963
H1:1373761756,1373761756.0,H1,AMBIGUOUS,0.1945765316486358,0.7659033078880407,0.7709923664122137,0.9791826009750366,0.732824427480916,0.9647225141525269,0.7938931297709924,0.9916622042655945
H1:1374169564,1374169564.0,H1,AMBIGUOUS,0.1944475620985031,0.7404580152671755,0.7251908396946565,0.9658328890800476,0.732824427480916,0.9630365371704102,0.7633587786259542,0.9820669889450073
L1:1370926300,1370926300.0,L1,ROBUST,0.219608873128891,0.12213740458015267,0.09923664122137404,0.8068500757217407,0.1450381679389313,0.7920035123825073,0.12213740458015267,0.7965725660324097
L1:1377457948,1377457948.0,L1,ROBUST,0.2201695740222931,0.9872773536895675,0.9847328244274809,1.135291337966919,0.9847328244274809,1.130789041519165,0.9923664122137404,1.1451773643493652
L1:1381819708,1381819708.0,L1,ROBUST,0.220337375998497,0.989821882951654,0.9923664122137404,1.4232287406921387,0.9847328244274809,1.3602386713027954,0.9923664122137404,1.324692964553833
L1:1369905596,1369905596.0,L1,ROBUST,0.2204306423664093,0.04071246819338423,0.007633587786259542,0.7295058965682983,0.061068702290076333,0.7496153116226196,0.05343511450381679,0.7403882741928101
L1:1380089052,1380089052.0,L1,ROBUST,0.220627948641777,0.6895674300254452,0.7175572519083969,0.9775049686431885,0.6412213740458015,0.9727895259857178,0.7099236641221374,0.9689852595329285
L1:1378025468,1378025468.0,L1,ROBUST,0.2206320464611053,0.9745547073791349,0.9770992366412213,1.109243392944336,0.9618320610687023,1.0911905765533447,0.9847328244274809,1.086038589477539
L1:1376195772,1376195772.0,L1,ROBUST,0.2208759188652038,0.8753180661577608,0.8320610687022901,1.0358915328979492,0.9083969465648855,1.043229341506958,0.8854961832061069,1.0341743230819702
L1:1369477148,1369477148.0,L1,ROBUST,0.221188798546791,0.20610687022900764,0.16030534351145037,0.8355505466461182,0.2366412213740458,0.8323056697845459,0.22137404580152673,0.8367301225662231
L1:1369963356,1369963356.0,L1,ROBUST,0.2215611785650253,0.08396946564885495,0.061068702290076333,0.778950035572052,0.11450381679389313,0.7815452814102173,0.07633587786259542,0.7590688467025757
L1:1383396028,1383396028.0,L1,ROBUST,0.2216137647628784,0.989821882951654,0.9923664122137404,1.252753734588623,0.9847328244274809,1.2749145030975342,0.9923664122137404,1.2011535167694092
L1:1370570972,1370570972.0,L1,ROBUST,0.2217374294996261,0.03307888040712468,0.007633587786259542,0.7311403751373291,0.03816793893129771,0.7412803173065186,0.05343511450381679,0.7403388023376465
L1:1385847260,1385847260.0,L1,ROBUST,0.2217752188444137,0.9872773536895675,0.9847328244274809,1.1260590553283691,0.9847328244274809,1.1261827945709229,0.9923664122137404,1.1172326803207397
L1:1370629308,1370629308.0,L1,ROBUST,0.221891850233078,0.28498727735368956,0.2824427480916031,0.8736646175384521,0.2366412213740458,0.8333830237388611,0.33587786259541985,0.8665297627449036
L1:1383317180,1383317180.0,L1,ROBUST,0.2221380025148391,0.18829516539440203,0.17557251908396945,0.8396101593971252,0.1984732824427481,0.8197379112243652,0.19083969465648856,0.8221727609634399
L1:1372131740,1372131740.0,L1,ROBUST,0.2221422791481018,0.20356234096692113,0.1984732824427481,0.8480666875839233,0.1984732824427481,0.8138035535812378,0.21374045801526717,0.8348342776298523
L1:1382558172,1382558172.0,L1,ROBUST,0.2222016900777816,0.9414758269720102,0.9007633587786259,1.0612574815750122,0.9389312977099237,1.0699613094329834,0.9847328244274809,1.0635297298431396
L1:1376175324,1376175324.0,L1,ROBUST,0.2222434431314468,0.9923664122137404,0.9923664122137404,3.2136034965515137,0.9923664122137404,3.1113572120666504,0.9923664122137404,2.695181369781494
L1:1384951164,1384951164.0,L1,ROBUST,0.2222477346658706,0.9872773536895675,0.9847328244274809,1.1317129135131836,0.9847328244274809,1.1366915702819824,0.9923664122137404,1.1263573169708252
L1:1377506780,1377506780.0,L1,ROBUST,0.2223871648311615,0.9821882951653943,0.9770992366412213,1.1088201999664307,0.9770992366412213,1.108877182006836,0.9923664122137404,1.1110795736312866
L1:1381799324,1381799324.0,L1,ROBUST,0.2227140814065933,0.5063613231552163,0.5343511450381679,0.9282301664352417,0.4732824427480916,0.9223706126213074,0.5114503816793893,0.9191532135009766
L1:1381957852,1381957852.0,L1,ROBUST,0.2227912843227386,0.8676844783715012,0.8244274809160306,1.0259768962860107,0.9007633587786259,1.0346964597702026,0.8778625954198473,1.0301403999328613
L1:1380500380,1380500380.0,L1,ROBUST,0.222849816083908,0.8117048346055981,0.816793893129771,1.0166654586791992,0.8015267175572519,1.0083730220794678,0.816793893129771,0.993330717086792
L1:1379098972,1379098972.0,L1,ROBUST,0.2229928225278854,0.989821882951654,0.9923664122137404,1.1666619777679443,0.9847328244274809,1.160042405128479,0.9923664122137404,1.142289638519287
L1:1382983740,1382983740.0,L1,ROBUST,0.2230075299739837,0.0712468193384224,0.04580152671755725,0.7678223848342896,0.07633587786259542,0.7617754936218262,0.0916030534351145,0.7659845948219299
L1:1379329052,1379329052.0,L1,ROBUST,0.2232500314712524,0.8447837150127228,0.816793893129771,1.0229812860488892,0.8625954198473282,1.0321276187896729,0.8549618320610687,1.0127391815185547
L1:1383057916,1383057916.0,L1,ROBUST,0.2232713401317596,0.9516539440203561,0.916030534351145,1.0742955207824707,0.9541984732824428,1.0901113748550415,0.9847328244274809,1.072679042816162
L1:1378814876,1378814876.0,L1,ROBUST,0.2234627157449722,0.9821882951653943,0.9770992366412213,1.1124709844589233,0.9770992366412213,1.1089814901351929,0.9923664122137404,1.100156545639038
L1:1379822972,1379822972.0,L1,ROBUST,0.2235255241394043,0.08142493638676845,0.04580152671755725,0.7709405422210693,0.0916030534351145,0.7702231407165527,0.10687022900763359,0.7856858968734741
L1:1372219420,1372219420.0,L1,ROBUST,0.2235861271619796,0.7150127226463104,0.7404580152671756,0.9899566173553467,0.7099236641221374,0.9931261539459229,0.6946564885496184,0.9638259410858154
L1:1378879356,1378879356.0,L1,ROBUST,0.223610371351242,0.10687022900763359,0.09923664122137404,0.8077586889266968,0.11450381679389313,0.7803113460540771,0.10687022900763359,0.7904943823814392
L1:1369308572,1369308572.0,L1,ROBUST,0.2236547172069549,0.22900763358778628,0.22137404580152673,0.8559142351150513,0.24427480916030533,0.8368411064147949,0.22137404580152673,0.8385119438171387
L1:1383363452,1383363452.0,L1,ROBUST,0.2236918807029724,0.3206106870229008,0.25190839694656486,0.8611285090446472,0.40458015267175573,0.8786929845809937,0.3053435114503817,0.858129620552063
L1:1377528060,1377528060.0,L1,ROBUST,0.2237493991851806,0.989821882951654,0.9923664122137404,1.2301747798919678,0.9847328244274809,1.222728967666626,0.9923664122137404,1.198718547821045
L1:1383192860,1383192860.0,L1,ROBUST,0.2237647026777267,0.050890585241730284,0.030534351145038167,0.7531532049179077,0.061068702290076333,0.7503485679626465,0.061068702290076333,0.7496066093444824
L1:1376693596,1376693596.0,L1,ROBUST,0.2240564674139022,0.989821882951654,0.9923664122137404,1.164192795753479,0.9847328244274809,1.1575130224227905,0.9923664122137404,1.1655148267745972
L1:1376380156,1376380156.0,L1,ROBUST,0.2241264730691909,0.1272264631043257,0.09923664122137404,0.7982444763183594,0.183206106870229,0.8081055283546448,0.09923664122137404,0.7834823131561279
L1:1369236124,1369236124.0,L1,ROBUST,0.2242228239774704,0.183206106870229,0.15267175572519084,0.8313361406326294,0.1984732824427481,0.8189900517463684,0.1984732824427481,0.8225719928741455
L1:1384792060,1384792060.0,L1,ROBUST,0.2242437750101089,0.05597964376590331,0.04580152671755725,0.7695504426956177,0.06870229007633588,0.7541821002960205,0.05343511450381679,0.7371995449066162
L1:1370559196,1370559196.0,L1,ROBUST,0.2242705523967743,0.07633587786259542,0.061068702290076333,0.7811156511306763,0.06870229007633588,0.754489541053772,0.09923664122137404,0.7772220373153687
L1:1370010076,1370010076.0,L1,ROBUST,0.2248593270778656,0.6768447837150128,0.6946564885496184,0.9670341610908508,0.6259541984732825,0.9671846032142639,0.7099236641221374,0.9706374406814575
L1:1381737404,1381737404.0,L1,AMBIGUOUS,0.2195913642644882,0.025445292620865142,0.015267175572519083,0.7471413612365723,0.030534351145038167,0.7350997924804688,0.030534351145038167,0.729232907295227
L1:1369529020,1369529020.0,L1,AMBIGUOUS,0.219423621892929,0.09923664122137404,0.061068702290076333,0.7799327373504639,0.11450381679389313,0.7814913988113403,0.12213740458015267,0.7961188554763794
L1:1378893308,1378893308.0,L1,AMBIGUOUS,0.2193067669868469,0.8218829516539441,0.816793893129771,1.0173155069351196,0.7938931297709924,1.008291482925415,0.8549618320610687,1.0094062089920044
L1:1378653084,1378653084.0,L1,AMBIGUOUS,0.2192724049091339,0.989821882951654,0.9923664122137404,2.1586756706237793,0.9847328244274809,2.0975501537323,0.9923664122137404,1.8933544158935547
L1:1379337916,1379337916.0,L1,AMBIGUOUS,0.2192097008228302,0.5114503816793893,0.4961832061068702,0.9193304777145386,0.4961832061068702,0.926247775554657,0.5419847328244275,0.9278282523155212
L1:1373658396,1373658396.0,L1,AMBIGUOUS,0.218980923295021,0.10178117048346057,0.06870229007633588,0.7864416241645813,0.1450381679389313,0.7912960648536682,0.0916030534351145,0.7660712599754333
L1:1384503740,1384503740.0,L1,AMBIGUOUS,0.2189546525478363,0.9872773536895675,0.9847328244274809,1.143096923828125,0.9847328244274809,1.1469533443450928,0.9923664122137404,1.1380133628845215
L1:1383324700,1383324700.0,L1,AMBIGUOUS,0.2188239693641662,0.17557251908396945,0.1297709923664122,0.8219671249389648,0.183206106870229,0.8092048168182373,0.21374045801526717,0.833459198474884
L1:1370994812,1370994812.0,L1,AMBIGUOUS,0.2188179790973663,0.3536895674300255,0.3816793893129771,0.8900064826011658,0.33587786259541985,0.8624632358551025,0.3435114503816794,0.8726714849472046
L1:1378301468,1378301468.0,L1,AMBIGUOUS,0.218780368566513,0.2315521628498728,0.19083969465648856,0.8463788032531738,0.2824427480916031,0.8495784401893616,0.22137404580152673,0.8372807502746582
L1:1376313212,1376313212.0,L1,AMBIGUOUS,0.2186657637357711,0.8320610687022901,0.816793893129771,1.0150787830352783,0.8244274809160306,1.0162445306777954,0.8549618320610687,1.0134223699569702
L1:1373703228,1373703228.0,L1,AMBIGUOUS,0.2186264991760254,0.23918575063613232,0.16030534351145037,0.8339089155197144,0.32061068702290074,0.8566310405731201,0.2366412213740458,0.8410103917121887
L1:1375143804,1375143804.0,L1,AMBIGUOUS,0.2182849198579788,0.989821882951654,0.9923664122137404,1.168079137802124,0.9847328244274809,1.1492784023284912,0.9923664122137404,1.1420303583145142
L1:1372791612,1372791612.0,L1,AMBIGUOUS,0.2181507349014282,0.9872773536895675,0.9847328244274809,1.1301906108856201,0.9847328244274809,1.1234115362167358,0.9923664122137404,1.1278513669967651
L1:1385315612,1385315612.0,L1,AMBIGUOUS,0.2176770865917205,0.989821882951654,0.9923664122137404,1.2435740232467651,0.9847328244274809,1.2390037775039673,0.9923664122137404,1.219257116317749
L1:1381927388,1381927388.0,L1,AMBIGUOUS,0.2174548506736755,0.9160305343511451,0.8854961832061069,1.0593008995056152,0.9389312977099237,1.0611882209777832,0.9236641221374046,1.0433933734893799
L1:1370339324,1370339324.0,L1,AMBIGUOUS,0.2170967757701873,0.989821882951654,0.9923664122137404,1.2334595918655396,0.9847328244274809,1.1635310649871826,0.9923664122137404,1.1630175113677979
L1:1385618428,1385618428.0,L1,AMBIGUOUS,0.2170469164848327,0.4045801526717558,0.4351145038167939,0.9025310277938843,0.40458015267175573,0.88555508852005,0.37404580152671757,0.8800097703933716
L1:1370368188,1370368188.0,L1,AMBIGUOUS,0.2169308215379715,0.989821882951654,0.9923664122137404,1.2909002304077148,0.9847328244274809,1.2501003742218018,0.9923664122137404,1.2362749576568604
L1:1381979420,1381979420.0,L1,AMBIGUOUS,0.2168619781732559,0.989821882951654,0.9923664122137404,1.1682806015014648,0.9847328244274809,1.1477527618408203,0.9923664122137404,1.1448068618774414
L1:1382972636,1382972636.0,L1,AMBIGUOUS,0.2168017774820327,0.9872773536895675,0.9847328244274809,1.1439790725708008,0.9847328244274809,1.1389219760894775,0.9923664122137404,1.145262360572815
L1:1385028092,1385028092.0,L1,AMBIGUOUS,0.2167484909296035,0.9872773536895675,0.9847328244274809,1.1254405975341797,0.9847328244274809,1.1143476963043213,0.9923664122137404,1.1114075183868408
L1:1372135804,1372135804.0,L1,AMBIGUOUS,0.2165586203336715,0.025445292620865142,0.015267175572519083,0.7421116828918457,0.04580152671755725,0.7445258498191833,0.015267175572519083,0.71852707862854
L1:1369056700,1369056700.0,L1,AMBIGUOUS,0.2164847999811172,0.5368956743002544,0.5343511450381679,0.9304389953613281,0.5038167938931297,0.9296881556510925,0.5725190839694656,0.9380372762680054
L1:1372639420,1372639420.0,L1,AMBIGUOUS,0.216431125998497,0.989821882951654,0.9923664122137404,1.2814481258392334,0.9847328244274809,1.280122995376587,0.9923664122137404,1.2863914966583252
L1:1378244828,1378244828.0,L1,AMBIGUOUS,0.2161452323198318,0.9872773536895675,0.9847328244274809,1.1395704746246338,0.9847328244274809,1.1356029510498047,0.9923664122137404,1.1374852657318115
L1:1373423580,1373423580.0,L1,AMBIGUOUS,0.2161049842834472,0.8600508905852418,0.8320610687022901,1.0343255996704102,0.8625954198473282,1.03196382522583,0.8854961832061069,1.0317227840423584
L1:1383973884,1383973884.0,L1,AMBIGUOUS,0.2159271091222763,0.989821882951654,0.9923664122137404,1.2434871196746826,0.9847328244274809,1.2270392179489136,0.9923664122137404,1.192319631576538
L1:1369391196,1369391196.0,L1,AMBIGUOUS,0.2152943611145019,0.2519083969465649,0.21374045801526717,0.8525016903877258,0.3282442748091603,0.8578185439109802,0.21374045801526717,0.8318384885787964
L1:1383301436,1383301436.0,L1,AMBIGUOUS,0.2149573117494583,0.14758269720101783,0.19083969465648856,0.8459173440933228,0.1450381679389313,0.7934054136276245,0.10687022900763359,0.7911513447761536
L1:1371462140,1371462140.0,L1,AMBIGUOUS,0.2147925794124603,0.8396946564885496,0.8473282442748091,1.0403027534484863,0.8549618320610687,1.0282760858535767,0.816793893129771,0.9948956966400146
L1:1377605564,1377605564.0,L1,AMBIGUOUS,0.2146245390176773,0.3893129770992367,0.29770992366412213,0.8766710758209229,0.40458015267175573,0.8798083066940308,0.46564885496183206,0.895648717880249
L1:1376357852,1376357852.0,L1,AMBIGUOUS,0.2141103148460388,0.8727735368956743,0.816793893129771,1.0249345302581787,0.8549618320610687,1.0259979963302612,0.9465648854961832,1.0489346981048584
L1:1372355580,1372355580.0,L1,AMBIGUOUS,0.2140265703201294,0.1603053435114504,0.13740458015267176,0.8239920139312744,0.1984732824427481,0.8178113698959351,0.1450381679389313,0.8095040917396545
L1:1383395004,1383395004.0,L1,AMBIGUOUS,0.2139269858598709,0.989821882951654,0.9923664122137404,1.1893718242645264,0.9847328244274809,1.188126802444458,0.9923664122137404,1.1947097778320312
L1:1383324988,1383324988.0,L1,AMBIGUOUS,0.2138747125864029,0.3053435114503817,0.2748091603053435,0.8722811937332153,0.35877862595419846,0.8665560483932495,0.2824427480916031,0.8526328802108765
L1:1381709372,1381709372.0,L1,AMBIGUOUS,0.2138518989086151,0.13486005089058525,0.09923664122137404,0.8000229001045227,0.17557251908396945,0.8063738346099854,0.1297709923664122,0.8087981343269348
L1:1380775324,1380775324.0,L1,AMBIGUOUS,0.2138411998748779,0.8066157760814249,0.7862595419847328,1.0014591217041016,0.8091603053435115,1.0146422386169434,0.8244274809160306,1.0021851062774658
L1:1373811644,1373811644.0,L1,AMBIGUOUS,0.2136856019496917,0.17302798982188294,0.16030534351145037,0.8349035382270813,0.22900763358778625,0.8298580646514893,0.1297709923664122,0.8089060187339783
L1:1373550524,1373550524.0,L1,AMBIGUOUS,0.2136683166027069,0.989821882951654,0.9923664122137404,1.2643473148345947,0.9847328244274809,1.2601873874664307,0.9923664122137404,1.238594889640808
