gps_start,analysis_start,detector,pad_s,score,stored_pad4_score,pad4_anchor_abs_delta,fixed_pad4_threshold_class,pad_specific_threshold_class,pad_specific_ci_lower,pad_specific_ci_upper,representation
1387060956,1387060960.0,H1,4.0,0.20417934656143188,0.2041793018579483,4.470348358154297e-08,ROBUST,ROBUST,0.13023118793964325,0.2040884156525078,idxq4-64_queryq4-64
1387060956,1387060960.0,H1,16.0,0.20437520742416382,0.2041793018579483,,ROBUST,AMBIGUOUS,0.12798184379935182,0.21352421537041372,idxq4-64_queryq4-64
1387060956,1387060960.0,H1,64.0,0.20829026401042938,0.2041793018579483,,ROBUST,AMBIGUOUS,0.13209254726767536,0.2630360516905726,idxq4-64_queryq4-64
1387060956,1387060960.0,H1,128.0,0.20546557009220123,0.2041793018579483,,ROBUST,AMBIGUOUS,0.1436650867760179,0.33834537237881496,idxq4-64_queryq4-64
1386387836,1386387840.0,H1,4.0,0.20451472699642181,0.2045145183801651,2.086162567138672e-07,ROBUST,ROBUST,0.13023118793964325,0.2040884156525078,idxq4-64_queryq4-64
1386387836,1386387840.0,H1,16.0,0.20599053800106049,0.2045145183801651,,ROBUST,AMBIGUOUS,0.12798184379935182,0.21352421537041372,idxq4-64_queryq4-64
1386387836,1386387840.0,H1,64.0,0.19968144595623016,0.2045145183801651,,AMBIGUOUS,AMBIGUOUS,0.13209254726767536,0.2630360516905726,idxq4-64_queryq4-64
1386387836,1386387840.0,H1,128.0,0.1966746300458908,0.2045145183801651,,AMBIGUOUS,AMBIGUOUS,0.1436650867760179,0.33834537237881496,idxq4-64_queryq4-64
1388201532,1388201536.0,H1,4.0,0.2045896202325821,0.2045888900756836,7.301568984985352e-07,ROBUST,ROBUST,0.13023118793964325,0.2040884156525078,idxq4-64_queryq4-64
1388201532,1388201536.0,H1,16.0,0.22134539484977722,0.2045888900756836,,ROBUST,ROBUST,0.12798184379935182,0.21352421537041372,idxq4-64_queryq4-64
1388201532,1388201536.0,H1,64.0,0.19260463118553162,0.2045888900756836,,AMBIGUOUS,AMBIGUOUS,0.13209254726767536,0.2630360516905726,idxq4-64_queryq4-64
1388201532,1388201536.0,H1,128.0,0.18721042573451996,0.2045888900756836,,AMBIGUOUS,AMBIGUOUS,0.1436650867760179,0.33834537237881496,idxq4-64_queryq4-64
1380948700,1380948704.0,H1,4.0,0.20463676750659943,0.2046364843845367,2.831220627386166e-07,ROBUST,ROBUST,0.13023118793964325,0.2040884156525078,idxq4-64_queryq4-64
1380948700,1380948704.0,H1,16.0,0.21117372810840607,0.2046364843845367,,ROBUST,AMBIGUOUS,0.12798184379935182,0.21352421537041372,idxq4-64_queryq4-64
1380948700,1380948704.0,H1,64.0,0.20682305097579956,0.2046364843845367,,ROBUST,AMBIGUOUS,0.13209254726767536,0.2630360516905726,idxq4-64_queryq4-64
1380948700,1380948704.0,H1,128.0,0.21217645704746246,0.2046364843845367,,ROBUST,AMBIGUOUS,0.1436650867760179,0.33834537237881496,idxq4-64_queryq4-64
1384691836,1384691840.0,H1,4.0,0.20478571951389313,0.2047856003046035,1.1920928963404798e-07,ROBUST,ROBUST,0.13023118793964325,0.2040884156525078,idxq4-64_queryq4-64
1384691836,1384691840.0,H1,16.0,0.19608725607395172,0.2047856003046035,,AMBIGUOUS,AMBIGUOUS,0.12798184379935182,0.21352421537041372,idxq4-64_queryq4-64
1384691836,1384691840.0,H1,64.0,0.19296401739120483,0.2047856003046035,,AMBIGUOUS,AMBIGUOUS,0.13209254726767536,0.2630360516905726,idxq4-64_queryq4-64
1384691836,1384691840.0,H1,128.0,0.18537580966949463,0.2047856003046035,,AMBIGUOUS,AMBIGUOUS,0.1436650867760179,0.33834537237881496,idxq4-64_queryq4-64
1373260028,1373260032.0,H1,4.0,0.20505176484584808,0.2050518691539764,1.0430812832917802e-07,ROBUST,ROBUST,0.13023118793964325,0.2040884156525078,idxq4-64_queryq4-64
1373260028,1373260032.0,H1,16.0,0.20788326859474182,0.2050518691539764,,ROBUST,AMBIGUOUS,0.12798184379935182,0.21352421537041372,idxq4-64_queryq4-64
1373260028,1373260032.0,H1,64.0,0.2096337527036667,0.2050518691539764,,ROBUST,AMBIGUOUS,0.13209254726767536,0.2630360516905726,idxq4-64_queryq4-64
1373260028,1373260032.0,H1,128.0,0.21147531270980835,0.2050518691539764,,ROBUST,AMBIGUOUS,0.1436650867760179,0.33834537237881496,idxq4-64_queryq4-64
1370069980,1370069984.0,H1,4.0,0.20515428483486176,0.2051543891429901,1.043081283569336e-07,ROBUST,ROBUST,0.13023118793964325,0.2040884156525078,idxq4-64_queryq4-64
1370069980,1370069984.0,H1,16.0,0.1990775763988495,0.2051543891429901,,AMBIGUOUS,AMBIGUOUS,0.12798184379935182,0.21352421537041372,idxq4-64_queryq4-64
1370069980,1370069984.0,H1,64.0,0.20775385200977325,0.2051543891429901,,ROBUST,AMBIGUOUS,0.13209254726767536,0.2630360516905726,idxq4-64_queryq4-64
1370069980,1370069984.0,H1,128.0,0.20805931091308594,0.2051543891429901,,ROBUST,AMBIGUOUS,0.1436650867760179,0.33834537237881496,idxq4-64_queryq4-64
1389072700,1389072704.0,H1,4.0,0.20525051653385162,0.2052503824234008,1.3411045082789563e-07,ROBUST,ROBUST,0.13023118793964325,0.2040884156525078,idxq4-64_queryq4-64
1389072700,1389072704.0,H1,16.0,0.21080486476421356,0.2052503824234008,,ROBUST,AMBIGUOUS,0.12798184379935182,0.21352421537041372,idxq4-64_queryq4-64
1389072700,1389072704.0,H1,64.0,0.20856209099292755,0.2052503824234008,,ROBUST,AMBIGUOUS,0.13209254726767536,0.2630360516905726,idxq4-64_queryq4-64
1389072700,1389072704.0,H1,128.0,0.2053108513355255,0.2052503824234008,,ROBUST,AMBIGUOUS,0.1436650867760179,0.33834537237881496,idxq4-64_queryq4-64
1389294332,1389294336.0,H1,4.0,0.2056477814912796,0.2056476026773452,1.788139344094386e-07,ROBUST,ROBUST,0.13023118793964325,0.2040884156525078,idxq4-64_queryq4-64
1389294332,1389294336.0,H1,16.0,0.21010367572307587,0.2056476026773452,,ROBUST,AMBIGUOUS,0.12798184379935182,0.21352421537041372,idxq4-64_queryq4-64
1389294332,1389294336.0,H1,64.0,0.21511925756931305,0.2056476026773452,,ROBUST,AMBIGUOUS,0.13209254726767536,0.2630360516905726,idxq4-64_queryq4-64
1389294332,1389294336.0,H1,128.0,0.21574808657169342,0.2056476026773452,,ROBUST,AMBIGUOUS,0.1436650867760179,0.33834537237881496,idxq4-64_queryq4-64
1383439900,1383439904.0,H1,4.0,0.20569424331188202,0.2056944817304611,2.3841857907380692e-07,ROBUST,ROBUST,0.13023118793964325,0.2040884156525078,idxq4-64_queryq4-64
1383439900,1383439904.0,H1,16.0,0.1817176192998886,0.2056944817304611,,AMBIGUOUS,AMBIGUOUS,0.12798184379935182,0.21352421537041372,idxq4-64_queryq4-64
1383439900,1383439904.0,H1,64.0,0.18446674942970276,0.2056944817304611,,AMBIGUOUS,AMBIGUOUS,0.13209254726767536,0.2630360516905726,idxq4-64_queryq4-64
1383439900,1383439904.0,H1,128.0,0.184092178940773,0.2056944817304611,,AMBIGUOUS,AMBIGUOUS,0.1436650867760179,0.33834537237881496,idxq4-64_queryq4-64
1381337372,1381337376.0,H1,4.0,0.2059471756219864,0.2059470266103744,1.4901161199398771e-07,ROBUST,ROBUST,0.13023118793964325,0.2040884156525078,idxq4-64_queryq4-64
1381337372,1381337376.0,H1,16.0,0.1866353303194046,0.2059470266103744,,AMBIGUOUS,AMBIGUOUS,0.12798184379935182,0.21352421537041372,idxq4-64_queryq4-64
1381337372,1381337376.0,H1,64.0,0.18677644431591034,0.2059470266103744,,AMBIGUOUS,AMBIGUOUS,0.13209254726767536,0.2630360516905726,idxq4-64_queryq4-64
1381337372,1381337376.0,H1,128.0,0.18190377950668335,0.2059470266103744,,AMBIGUOUS,AMBIGUOUS,0.1436650867760179,0.33834537237881496,idxq4-64_queryq4-64
1383923772,1383923776.0,H1,4.0,0.20618142187595367,0.2061814218759536,8.326672684688674e-17,ROBUST,ROBUST,0.13023118793964325,0.2040884156525078,idxq4-64_queryq4-64
1383923772,1383923776.0,H1,16.0,0.1937715858221054,0.2061814218759536,,AMBIGUOUS,AMBIGUOUS,0.12798184379935182,0.21352421537041372,idxq4-64_queryq4-64
1383923772,1383923776.0,H1,64.0,0.20220960676670074,0.2061814218759536,,AMBIGUOUS,AMBIGUOUS,0.13209254726767536,0.2630360516905726,idxq4-64_queryq4-64
1383923772,1383923776.0,H1,128.0,0.22212693095207214,0.2061814218759536,,ROBUST,AMBIGUOUS,0.1436650867760179,0.33834537237881496,idxq4-64_queryq4-64
1374064540,1374064544.0,H1,4.0,0.20656676590442657,0.2065671235322952,3.576278686245882e-07,ROBUST,ROBUST,0.13023118793964325,0.2040884156525078,idxq4-64_queryq4-64
1374064540,1374064544.0,H1,16.0,0.2071957290172577,0.2065671235322952,,ROBUST,AMBIGUOUS,0.12798184379935182,0.21352421537041372,idxq4-64_queryq4-64
1374064540,1374064544.0,H1,64.0,0.20878280699253082,0.2065671235322952,,ROBUST,AMBIGUOUS,0.13209254726767536,0.2630360516905726,idxq4-64_queryq4-64
1374064540,1374064544.0,H1,128.0,0.21034793555736542,0.2065671235322952,,ROBUST,AMBIGUOUS,0.1436650867760179,0.33834537237881496,idxq4-64_queryq4-64
1378490076,1378490080.0,H1,4.0,0.2066894769668579,0.2066894322633743,4.4703483609298544e-08,ROBUST,ROBUST,0.13023118793964325,0.2040884156525078,idxq4-64_queryq4-64
1378490076,1378490080.0,H1,16.0,0.21021856367588043,0.2066894322633743,,ROBUST,AMBIGUOUS,0.12798184379935182,0.21352421537041372,idxq4-64_queryq4-64
1378490076,1378490080.0,H1,64.0,0.2158731371164322,0.2066894322633743,,ROBUST,AMBIGUOUS,0.13209254726767536,0.2630360516905726,idxq4-64_queryq4-64
1378490076,1378490080.0,H1,128.0,0.21807625889778137,0.2066894322633743,,ROBUST,AMBIGUOUS,0.1436650867760179,0.33834537237881496,idxq4-64_queryq4-64
1368994780,1368994784.0,H1,4.0,0.20677906274795532,0.206779196858406,1.3411045068911776e-07,ROBUST,ROBUST,0.13023118793964325,0.2040884156525078,idxq4-64_queryq4-64
1368994780,1368994784.0,H1,16.0,0.17009678483009338,0.206779196858406,,AMBIGUOUS,AMBIGUOUS,0.12798184379935182,0.21352421537041372,idxq4-64_queryq4-64
1368994780,1368994784.0,H1,64.0,0.1978834718465805,0.206779196858406,,AMBIGUOUS,AMBIGUOUS,0.13209254726767536,0.2630360516905726,idxq4-64_queryq4-64
1368994780,1368994784.0,H1,128.0,0.2151263803243637,0.206779196858406,,ROBUST,AMBIGUOUS,0.1436650867760179,0.33834537237881496,idxq4-64_queryq4-64
1388732924,1388732928.0,H1,4.0,0.13021796941757202,0.1302181929349899,2.2351741787995927e-07,BACKGROUND,BACKGROUND,0.13023118793964325,0.2040884156525078,idxq4-64_queryq4-64
1388732924,1388732928.0,H1,16.0,0.13057908415794373,0.1302181929349899,,AMBIGUOUS,AMBIGUOUS,0.12798184379935182,0.21352421537041372,idxq4-64_queryq4-64
1388732924,1388732928.0,H1,64.0,0.12751007080078125,0.1302181929349899,,BACKGROUND,BACKGROUND,0.13209254726767536,0.2630360516905726,idxq4-64_queryq4-64
1388732924,1388732928.0,H1,128.0,0.12873703241348267,0.1302181929349899,,BACKGROUND,BACKGROUND,0.1436650867760179,0.33834537237881496,idxq4-64_queryq4-64
1382959164,1382959168.0,H1,4.0,0.13018205761909485,0.1301822960376739,2.3841857904605135e-07,BACKGROUND,BACKGROUND,0.13023118793964325,0.2040884156525078,idxq4-64_queryq4-64
1382959164,1382959168.0,H1,16.0,0.13327158987522125,0.1301822960376739,,AMBIGUOUS,AMBIGUOUS,0.12798184379935182,0.21352421537041372,idxq4-64_queryq4-64
1382959164,1382959168.0,H1,64.0,0.12192632257938385,0.1301822960376739,,BACKGROUND,BACKGROUND,0.13209254726767536,0.2630360516905726,idxq4-64_queryq4-64
1382959164,1382959168.0,H1,128.0,0.1279813051223755,0.1301822960376739,,BACKGROUND,BACKGROUND,0.1436650867760179,0.33834537237881496,idxq4-64_queryq4-64
1384421724,1384421728.0,H1,4.0,0.13016793131828308,0.1301677972078323,1.3411045077238448e-07,BACKGROUND,BACKGROUND,0.13023118793964325,0.2040884156525078,idxq4-64_queryq4-64
1384421724,1384421728.0,H1,16.0,0.1277807354927063,0.1301677972078323,,BACKGROUND,BACKGROUND,0.12798184379935182,0.21352421537041372,idxq4-64_queryq4-64
1384421724,1384421728.0,H1,64.0,0.12088829278945923,0.1301677972078323,,BACKGROUND,BACKGROUND,0.13209254726767536,0.2630360516905726,idxq4-64_queryq4-64
1384421724,1384421728.0,H1,128.0,0.11988651007413864,0.1301677972078323,,BACKGROUND,BACKGROUND,0.1436650867760179,0.33834537237881496,idxq4-64_queryq4-64
1372857980,1372857984.0,H1,4.0,0.13015925884246826,0.1301591843366623,7.450580596923828e-08,BACKGROUND,BACKGROUND,0.13023118793964325,0.2040884156525078,idxq4-64_queryq4-64
1372857980,1372857984.0,H1,16.0,0.1310298591852188,0.1301591843366623,,AMBIGUOUS,AMBIGUOUS,0.12798184379935182,0.21352421537041372,idxq4-64_queryq4-64
1372857980,1372857984.0,H1,64.0,0.12499579042196274,0.1301591843366623,,BACKGROUND,BACKGROUND,0.13209254726767536,0.2630360516905726,idxq4-64_queryq4-64
1372857980,1372857984.0,H1,128.0,0.13126499950885773,0.1301591843366623,,AMBIGUOUS,BACKGROUND,0.1436650867760179,0.33834537237881496,idxq4-64_queryq4-64
1384783964,1384783968.0,H1,4.0,0.13001035153865814,0.1300102174282074,1.341104507446289e-07,BACKGROUND,BACKGROUND,0.13023118793964325,0.2040884156525078,idxq4-64_queryq4-64
1384783964,1384783968.0,H1,16.0,0.11531654000282288,0.1300102174282074,,BACKGROUND,BACKGROUND,0.12798184379935182,0.21352421537041372,idxq4-64_queryq4-64
1384783964,1384783968.0,H1,64.0,0.11388475447893143,0.1300102174282074,,BACKGROUND,BACKGROUND,0.13209254726767536,0.2630360516905726,idxq4-64_queryq4-64
1384783964,1384783968.0,H1,128.0,0.10999280959367752,0.1300102174282074,,BACKGROUND,BACKGROUND,0.1436650867760179,0.33834537237881496,idxq4-64_queryq4-64
1374849628,1374849632.0,H1,4.0,0.12994059920310974,0.1299405843019485,1.4901161249358807e-08,BACKGROUND,BACKGROUND,0.13023118793964325,0.2040884156525078,idxq4-64_queryq4-64
1374849628,1374849632.0,H1,16.0,0.13210172951221466,0.1299405843019485,,AMBIGUOUS,AMBIGUOUS,0.12798184379935182,0.21352421537041372,idxq4-64_queryq4-64
1374849628,1374849632.0,H1,64.0,0.09338666498661041,0.1299405843019485,,BACKGROUND,BACKGROUND,0.13209254726767536,0.2630360516905726,idxq4-64_queryq4-64
1374849628,1374849632.0,H1,128.0,0.09319835156202316,0.1299405843019485,,BACKGROUND,BACKGROUND,0.1436650867760179,0.33834537237881496,idxq4-64_queryq4-64
1386235452,1386235456.0,H1,4.0,0.12994028627872467,0.1299401670694351,1.1920928957853683e-07,BACKGROUND,BACKGROUND,0.13023118793964325,0.2040884156525078,idxq4-64_queryq4-64
1386235452,1386235456.0,H1,16.0,0.1266423612833023,0.1299401670694351,,BACKGROUND,BACKGROUND,0.12798184379935182,0.21352421537041372,idxq4-64_queryq4-64
1386235452,1386235456.0,H1,64.0,0.130840465426445,0.1299401670694351,,AMBIGUOUS,BACKGROUND,0.13209254726767536,0.2630360516905726,idxq4-64_queryq4-64
1386235452,1386235456.0,H1,128.0,0.12599244713783264,0.1299401670694351,,BACKGROUND,BACKGROUND,0.1436650867760179,0.33834537237881496,idxq4-64_queryq4-64
1378535196,1378535200.0,H1,4.0,0.1299162358045578,0.1299158781766891,3.576278687078549e-07,BACKGROUND,BACKGROUND,0.13023118793964325,0.2040884156525078,idxq4-64_queryq4-64
1378535196,1378535200.0,H1,16.0,0.1209992840886116,0.1299158781766891,,BACKGROUND,BACKGROUND,0.12798184379935182,0.21352421537041372,idxq4-64_queryq4-64
1378535196,1378535200.0,H1,64.0,0.1167813166975975,0.1299158781766891,,BACKGROUND,BACKGROUND,0.13209254726767536,0.2630360516905726,idxq4-64_queryq4-64
1378535196,1378535200.0,H1,128.0,0.11525246500968933,0.1299158781766891,,BACKGROUND,BACKGROUND,0.1436650867760179,0.33834537237881496,idxq4-64_queryq4-64
1386205980,1386205984.0,H1,4.0,0.12983067333698273,0.1298306137323379,5.960464483090178e-08,BACKGROUND,BACKGROUND,0.13023118793964325,0.2040884156525078,idxq4-64_queryq4-64
1386205980,1386205984.0,H1,16.0,0.12240131944417953,0.1298306137323379,,BACKGROUND,BACKGROUND,0.12798184379935182,0.21352421537041372,idxq4-64_queryq4-64
1386205980,1386205984.0,H1,64.0,0.12278029322624207,0.1298306137323379,,BACKGROUND,BACKGROUND,0.13209254726767536,0.2630360516905726,idxq4-64_queryq4-64
1386205980,1386205984.0,H1,128.0,0.12616503238677979,0.1298306137323379,,BACKGROUND,BACKGROUND,0.1436650867760179,0.33834537237881496,idxq4-64_queryq4-64
1384131516,1384131520.0,H1,4.0,0.12981827557086945,0.1298185586929321,2.831220626553499e-07,BACKGROUND,BACKGROUND,0.13023118793964325,0.2040884156525078,idxq4-64_queryq4-64
1384131516,1384131520.0,H1,16.0,0.1435854285955429,0.1298185586929321,,AMBIGUOUS,AMBIGUOUS,0.12798184379935182,0.21352421537041372,idxq4-64_queryq4-64
1384131516,1384131520.0,H1,64.0,0.07527594268321991,0.1298185586929321,,BACKGROUND,BACKGROUND,0.13209254726767536,0.2630360516905726,idxq4-64_queryq4-64
1384131516,1384131520.0,H1,128.0,0.07131059467792511,0.1298185586929321,,BACKGROUND,BACKGROUND,0.1436650867760179,0.33834537237881496,idxq4-64_queryq4-64
1370480540,1370480544.0,H1,4.0,0.12971912324428558,0.1297189146280288,2.0861625679713391e-07,BACKGROUND,BACKGROUND,0.13023118793964325,0.2040884156525078,idxq4-64_queryq4-64
1370480540,1370480544.0,H1,16.0,0.05714034661650658,0.1297189146280288,,BACKGROUND,BACKGROUND,0.12798184379935182,0.21352421537041372,idxq4-64_queryq4-64
1370480540,1370480544.0,H1,64.0,0.05798651650547981,0.1297189146280288,,BACKGROUND,BACKGROUND,0.13209254726767536,0.2630360516905726,idxq4-64_queryq4-64
1370480540,1370480544.0,H1,128.0,0.059386562556028366,0.1297189146280288,,BACKGROUND,BACKGROUND,0.1436650867760179,0.33834537237881496,idxq4-64_queryq4-64
1382535324,1382535328.0,H1,4.0,0.12957097589969635,0.1295707672834396,2.0861625674162276e-07,BACKGROUND,BACKGROUND,0.13023118793964325,0.2040884156525078,idxq4-64_queryq4-64
1382535324,1382535328.0,H1,16.0,0.059392355382442474,0.1295707672834396,,BACKGROUND,BACKGROUND,0.12798184379935182,0.21352421537041372,idxq4-64_queryq4-64
1382535324,1382535328.0,H1,64.0,0.11089762300252914,0.1295707672834396,,BACKGROUND,BACKGROUND,0.13209254726767536,0.2630360516905726,idxq4-64_queryq4-64
1382535324,1382535328.0,H1,128.0,0.1114165261387825,0.1295707672834396,,BACKGROUND,BACKGROUND,0.1436650867760179,0.33834537237881496,idxq4-64_queryq4-64
1386909468,1386909472.0,H1,4.0,0.12950369715690613,0.1295036971569061,2.7755575615628914e-17,BACKGROUND,BACKGROUND,0.13023118793964325,0.2040884156525078,idxq4-64_queryq4-64
1386909468,1386909472.0,H1,16.0,0.1264037787914276,0.1295036971569061,,BACKGROUND,BACKGROUND,0.12798184379935182,0.21352421537041372,idxq4-64_queryq4-64
1386909468,1386909472.0,H1,64.0,0.12961605191230774,0.1295036971569061,,BACKGROUND,BACKGROUND,0.13209254726767536,0.2630360516905726,idxq4-64_queryq4-64
1386909468,1386909472.0,H1,128.0,0.1384146362543106,0.1295036971569061,,AMBIGUOUS,BACKGROUND,0.1436650867760179,0.33834537237881496,idxq4-64_queryq4-64
1379654652,1379654656.0,H1,4.0,0.12948490679264069,0.1294848173856735,8.940696719084151e-08,BACKGROUND,BACKGROUND,0.13023118793964325,0.2040884156525078,idxq4-64_queryq4-64
1379654652,1379654656.0,H1,16.0,0.1335875540971756,0.1294848173856735,,AMBIGUOUS,AMBIGUOUS,0.12798184379935182,0.21352421537041372,idxq4-64_queryq4-64
1379654652,1379654656.0,H1,64.0,0.12220902740955353,0.1294848173856735,,BACKGROUND,BACKGROUND,0.13209254726767536,0.2630360516905726,idxq4-64_queryq4-64
1379654652,1379654656.0,H1,128.0,0.13029712438583374,0.1294848173856735,,AMBIGUOUS,BACKGROUND,0.1436650867760179,0.33834537237881496,idxq4-64_queryq4-64
1386325276,1386325280.0,H1,4.0,0.12944456934928894,0.1294445842504501,1.490116116609208e-08,BACKGROUND,BACKGROUND,0.13023118793964325,0.2040884156525078,idxq4-64_queryq4-64
1386325276,1386325280.0,H1,16.0,0.12935476005077362,0.1294445842504501,,BACKGROUND,AMBIGUOUS,0.12798184379935182,0.21352421537041372,idxq4-64_queryq4-64
1386325276,1386325280.0,H1,64.0,0.11826863139867783,0.1294445842504501,,BACKGROUND,BACKGROUND,0.13209254726767536,0.2630360516905726,idxq4-64_queryq4-64
1386325276,1386325280.0,H1,128.0,0.11716705560684204,0.1294445842504501,,BACKGROUND,BACKGROUND,0.1436650867760179,0.33834537237881496,idxq4-64_queryq4-64
1370926300,1370926304.0,L1,4.0,0.21960891783237457,0.219608873128891,4.470348358154297e-08,ROBUST,ROBUST,0.15031939417123752,0.21959366053342733,idxq4-64_queryq4-64
1370926300,1370926304.0,L1,16.0,0.2159927934408188,0.219608873128891,,AMBIGUOUS,AMBIGUOUS,0.14252088919281877,0.21626390442252097,idxq4-64_queryq4-64
1370926300,1370926304.0,L1,64.0,0.22216956317424774,0.219608873128891,,ROBUST,AMBIGUOUS,0.1372045400738714,0.23653336107730424,idxq4-64_queryq4-64
1370926300,1370926304.0,L1,128.0,0.21758019924163818,0.219608873128891,,AMBIGUOUS,AMBIGUOUS,0.14599183201789856,0.2868003845214844,idxq4-64_queryq4-64
1377457948,1377457952.0,L1,4.0,0.2201700061559677,0.2201695740222931,4.3213367462158203e-07,ROBUST,ROBUST,0.15031939417123752,0.21959366053342733,idxq4-64_queryq4-64
1377457948,1377457952.0,L1,16.0,0.19807204604148865,0.2201695740222931,,AMBIGUOUS,AMBIGUOUS,0.14252088919281877,0.21626390442252097,idxq4-64_queryq4-64
1377457948,1377457952.0,L1,64.0,0.1936933845281601,0.2201695740222931,,AMBIGUOUS,AMBIGUOUS,0.1372045400738714,0.23653336107730424,idxq4-64_queryq4-64
1377457948,1377457952.0,L1,128.0,0.19614502787590027,0.2201695740222931,,AMBIGUOUS,AMBIGUOUS,0.14599183201789856,0.2868003845214844,idxq4-64_queryq4-64
1381819708,1381819712.0,L1,4.0,0.2203374207019806,0.220337375998497,4.470348358154297e-08,ROBUST,ROBUST,0.15031939417123752,0.21959366053342733,idxq4-64_queryq4-64
1381819708,1381819712.0,L1,16.0,0.22656185925006866,0.220337375998497,,ROBUST,ROBUST,0.14252088919281877,0.21626390442252097,idxq4-64_queryq4-64
1381819708,1381819712.0,L1,64.0,0.2169329822063446,0.220337375998497,,AMBIGUOUS,AMBIGUOUS,0.1372045400738714,0.23653336107730424,idxq4-64_queryq4-64
1381819708,1381819712.0,L1,128.0,0.22276510298252106,0.220337375998497,,ROBUST,AMBIGUOUS,0.14599183201789856,0.2868003845214844,idxq4-64_queryq4-64
1369905596,1369905600.0,L1,4.0,0.220430389046669,0.2204306423664093,2.5331974029541016e-07,ROBUST,ROBUST,0.15031939417123752,0.21959366053342733,idxq4-64_queryq4-64
1369905596,1369905600.0,L1,16.0,0.2094297707080841,0.2204306423664093,,AMBIGUOUS,AMBIGUOUS,0.14252088919281877,0.21626390442252097,idxq4-64_queryq4-64
1369905596,1369905600.0,L1,64.0,0.18760520219802856,0.2204306423664093,,AMBIGUOUS,AMBIGUOUS,0.1372045400738714,0.23653336107730424,idxq4-64_queryq4-64
1369905596,1369905600.0,L1,128.0,0.19295771420001984,0.2204306423664093,,AMBIGUOUS,AMBIGUOUS,0.14599183201789856,0.2868003845214844,idxq4-64_queryq4-64
1378025468,1378025472.0,L1,4.0,0.22063226997852325,0.2206320464611053,2.23517417963226e-07,ROBUST,ROBUST,0.15031939417123752,0.21959366053342733,idxq4-64_queryq4-64
1378025468,1378025472.0,L1,16.0,0.21973778307437897,0.2206320464611053,,ROBUST,ROBUST,0.14252088919281877,0.21626390442252097,idxq4-64_queryq4-64
1378025468,1378025472.0,L1,64.0,0.22428715229034424,0.2206320464611053,,ROBUST,AMBIGUOUS,0.1372045400738714,0.23653336107730424,idxq4-64_queryq4-64
1378025468,1378025472.0,L1,128.0,0.22825007140636444,0.2206320464611053,,ROBUST,AMBIGUOUS,0.14599183201789856,0.2868003845214844,idxq4-64_queryq4-64
1376195772,1376195776.0,L1,4.0,0.2208757996559143,0.2208759188652038,1.192092894952701e-07,ROBUST,ROBUST,0.15031939417123752,0.21959366053342733,idxq4-64_queryq4-64
1376195772,1376195776.0,L1,16.0,0.2180805653333664,0.2208759188652038,,AMBIGUOUS,ROBUST,0.14252088919281877,0.21626390442252097,idxq4-64_queryq4-64
1376195772,1376195776.0,L1,64.0,0.20657145977020264,0.2208759188652038,,AMBIGUOUS,AMBIGUOUS,0.1372045400738714,0.23653336107730424,idxq4-64_queryq4-64
1376195772,1376195776.0,L1,128.0,0.2050856649875641,0.2208759188652038,,AMBIGUOUS,AMBIGUOUS,0.14599183201789856,0.2868003845214844,idxq4-64_queryq4-64
1369477148,1369477152.0,L1,4.0,0.22118891775608063,0.221188798546791,1.1920928963404798e-07,ROBUST,ROBUST,0.15031939417123752,0.21959366053342733,idxq4-64_queryq4-64
1369477148,1369477152.0,L1,16.0,0.22474856674671173,0.221188798546791,,ROBUST,ROBUST,0.14252088919281877,0.21626390442252097,idxq4-64_queryq4-64
1369477148,1369477152.0,L1,64.0,0.21731476485729218,0.221188798546791,,AMBIGUOUS,AMBIGUOUS,0.1372045400738714,0.23653336107730424,idxq4-64_queryq4-64
1369477148,1369477152.0,L1,128.0,0.22430427372455597,0.221188798546791,,ROBUST,AMBIGUOUS,0.14599183201789856,0.2868003845214844,idxq4-64_queryq4-64
1369963356,1369963360.0,L1,4.0,0.22156134247779846,0.2215611785650253,1.639127731600798e-07,ROBUST,ROBUST,0.15031939417123752,0.21959366053342733,idxq4-64_queryq4-64
1369963356,1369963360.0,L1,16.0,0.22097517549991608,0.2215611785650253,,ROBUST,ROBUST,0.14252088919281877,0.21626390442252097,idxq4-64_queryq4-64
1369963356,1369963360.0,L1,64.0,0.22383607923984528,0.2215611785650253,,ROBUST,AMBIGUOUS,0.1372045400738714,0.23653336107730424,idxq4-64_queryq4-64
1369963356,1369963360.0,L1,128.0,0.221879780292511,0.2215611785650253,,ROBUST,AMBIGUOUS,0.14599183201789856,0.2868003845214844,idxq4-64_queryq4-64
1383396028,1383396032.0,L1,4.0,0.22161372005939484,0.2216137647628784,4.470348355378739e-08,ROBUST,ROBUST,0.15031939417123752,0.21959366053342733,idxq4-64_queryq4-64
1383396028,1383396032.0,L1,16.0,0.19033421576023102,0.2216137647628784,,AMBIGUOUS,AMBIGUOUS,0.14252088919281877,0.21626390442252097,idxq4-64_queryq4-64
1383396028,1383396032.0,L1,64.0,0.19753223657608032,0.2216137647628784,,AMBIGUOUS,AMBIGUOUS,0.1372045400738714,0.23653336107730424,idxq4-64_queryq4-64
1383396028,1383396032.0,L1,128.0,0.19379553198814392,0.2216137647628784,,AMBIGUOUS,AMBIGUOUS,0.14599183201789856,0.2868003845214844,idxq4-64_queryq4-64
1370570972,1370570976.0,L1,4.0,0.22173728048801422,0.2217374294996261,1.490116118829654e-07,ROBUST,ROBUST,0.15031939417123752,0.21959366053342733,idxq4-64_queryq4-64
1370570972,1370570976.0,L1,16.0,0.18968133628368378,0.2217374294996261,,AMBIGUOUS,AMBIGUOUS,0.14252088919281877,0.21626390442252097,idxq4-64_queryq4-64
1370570972,1370570976.0,L1,64.0,0.2047615945339203,0.2217374294996261,,AMBIGUOUS,AMBIGUOUS,0.1372045400738714,0.23653336107730424,idxq4-64_queryq4-64
1370570972,1370570976.0,L1,128.0,0.21662187576293945,0.2217374294996261,,AMBIGUOUS,AMBIGUOUS,0.14599183201789856,0.2868003845214844,idxq4-64_queryq4-64
1385847260,1385847264.0,L1,4.0,0.22177502512931824,0.2217752188444137,1.9371509546450838e-07,ROBUST,ROBUST,0.15031939417123752,0.21959366053342733,idxq4-64_queryq4-64
1385847260,1385847264.0,L1,16.0,0.21332761645317078,0.2217752188444137,,AMBIGUOUS,AMBIGUOUS,0.14252088919281877,0.21626390442252097,idxq4-64_queryq4-64
1385847260,1385847264.0,L1,64.0,0.21738573908805847,0.2217752188444137,,AMBIGUOUS,AMBIGUOUS,0.1372045400738714,0.23653336107730424,idxq4-64_queryq4-64
1385847260,1385847264.0,L1,128.0,0.22411814332008362,0.2217752188444137,,ROBUST,AMBIGUOUS,0.14599183201789856,0.2868003845214844,idxq4-64_queryq4-64
1370629308,1370629312.0,L1,4.0,0.22189173102378845,0.221891850233078,1.1920928955078125e-07,ROBUST,ROBUST,0.15031939417123752,0.21959366053342733,idxq4-64_queryq4-64
1370629308,1370629312.0,L1,16.0,0.22254963219165802,0.221891850233078,,ROBUST,ROBUST,0.14252088919281877,0.21626390442252097,idxq4-64_queryq4-64
1370629308,1370629312.0,L1,64.0,0.21944200992584229,0.221891850233078,,AMBIGUOUS,AMBIGUOUS,0.1372045400738714,0.23653336107730424,idxq4-64_queryq4-64
1370629308,1370629312.0,L1,128.0,0.2233416736125946,0.221891850233078,,ROBUST,AMBIGUOUS,0.14599183201789856,0.2868003845214844,idxq4-64_queryq4-64
1383317180,1383317184.0,L1,4.0,0.22213822603225708,0.2221380025148391,2.2351741799098157e-07,ROBUST,ROBUST,0.15031939417123752,0.21959366053342733,idxq4-64_queryq4-64
1383317180,1383317184.0,L1,16.0,0.2204553633928299,0.2221380025148391,,ROBUST,ROBUST,0.14252088919281877,0.21626390442252097,idxq4-64_queryq4-64
1383317180,1383317184.0,L1,64.0,0.2189844697713852,0.2221380025148391,,AMBIGUOUS,AMBIGUOUS,0.1372045400738714,0.23653336107730424,idxq4-64_queryq4-64
1383317180,1383317184.0,L1,128.0,0.2229432463645935,0.2221380025148391,,ROBUST,AMBIGUOUS,0.14599183201789856,0.2868003845214844,idxq4-64_queryq4-64
1372131740,1372131744.0,L1,4.0,0.222142294049263,0.2221422791481018,1.4901161193847656e-08,ROBUST,ROBUST,0.15031939417123752,0.21959366053342733,idxq4-64_queryq4-64
1372131740,1372131744.0,L1,16.0,0.21783170104026794,0.2221422791481018,,AMBIGUOUS,ROBUST,0.14252088919281877,0.21626390442252097,idxq4-64_queryq4-64
1372131740,1372131744.0,L1,64.0,0.22035910189151764,0.2221422791481018,,ROBUST,AMBIGUOUS,0.1372045400738714,0.23653336107730424,idxq4-64_queryq4-64
1372131740,1372131744.0,L1,128.0,0.21891646087169647,0.2221422791481018,,AMBIGUOUS,AMBIGUOUS,0.14599183201789856,0.2868003845214844,idxq4-64_queryq4-64
1384951164,1384951168.0,L1,4.0,0.22224704921245575,0.2222477346658706,6.85453414861481e-07,ROBUST,ROBUST,0.15031939417123752,0.21959366053342733,idxq4-64_queryq4-64
1384951164,1384951168.0,L1,16.0,0.22181624174118042,0.2222477346658706,,ROBUST,ROBUST,0.14252088919281877,0.21626390442252097,idxq4-64_queryq4-64
1384951164,1384951168.0,L1,64.0,0.22771549224853516,0.2222477346658706,,ROBUST,AMBIGUOUS,0.1372045400738714,0.23653336107730424,idxq4-64_queryq4-64
1384951164,1384951168.0,L1,128.0,0.22622227668762207,0.2222477346658706,,ROBUST,AMBIGUOUS,0.14599183201789856,0.2868003845214844,idxq4-64_queryq4-64
1378652764,1378652768.0,L1,4.0,0.15016935765743256,0.1501694917678833,1.341104507446289e-07,BACKGROUND,BACKGROUND,0.15031939417123752,0.21959366053342733,idxq4-64_queryq4-64
1378652764,1378652768.0,L1,16.0,0.18155136704444885,0.1501694917678833,,AMBIGUOUS,AMBIGUOUS,0.14252088919281877,0.21626390442252097,idxq4-64_queryq4-64
1378652764,1378652768.0,L1,64.0,0.1845090091228485,0.1501694917678833,,AMBIGUOUS,AMBIGUOUS,0.1372045400738714,0.23653336107730424,idxq4-64_queryq4-64
1378652764,1378652768.0,L1,128.0,0.16850948333740234,0.1501694917678833,,AMBIGUOUS,AMBIGUOUS,0.14599183201789856,0.2868003845214844,idxq4-64_queryq4-64
1369272028,1369272032.0,L1,4.0,0.15009479224681854,0.1500945389270782,2.533197403509213e-07,BACKGROUND,BACKGROUND,0.15031939417123752,0.21959366053342733,idxq4-64_queryq4-64
1369272028,1369272032.0,L1,16.0,0.15194667875766754,0.1500945389270782,,AMBIGUOUS,AMBIGUOUS,0.14252088919281877,0.21626390442252097,idxq4-64_queryq4-64
1369272028,1369272032.0,L1,64.0,0.15293362736701965,0.1500945389270782,,AMBIGUOUS,AMBIGUOUS,0.1372045400738714,0.23653336107730424,idxq4-64_queryq4-64
1369272028,1369272032.0,L1,128.0,0.15266023576259613,0.1500945389270782,,AMBIGUOUS,AMBIGUOUS,0.14599183201789856,0.2868003845214844,idxq4-64_queryq4-64
1379530908,1379530912.0,L1,4.0,0.15004786849021912,0.1500480026006698,1.3411045068911776e-07,BACKGROUND,BACKGROUND,0.15031939417123752,0.21959366053342733,idxq4-64_queryq4-64
1379530908,1379530912.0,L1,16.0,0.14684271812438965,0.1500480026006698,,BACKGROUND,AMBIGUOUS,0.14252088919281877,0.21626390442252097,idxq4-64_queryq4-64
1379530908,1379530912.0,L1,64.0,0.1422867774963379,0.1500480026006698,,BACKGROUND,AMBIGUOUS,0.1372045400738714,0.23653336107730424,idxq4-64_queryq4-64
1379530908,1379530912.0,L1,128.0,0.14608043432235718,0.1500480026006698,,BACKGROUND,AMBIGUOUS,0.14599183201789856,0.2868003845214844,idxq4-64_queryq4-64
1370787260,1370787264.0,L1,4.0,0.14975401759147644,0.1497541666030883,1.4901161185520984e-07,BACKGROUND,BACKGROUND,0.15031939417123752,0.21959366053342733,idxq4-64_queryq4-64
1370787260,1370787264.0,L1,16.0,0.14521516859531403,0.1497541666030883,,BACKGROUND,AMBIGUOUS,0.14252088919281877,0.21626390442252097,idxq4-64_queryq4-64
1370787260,1370787264.0,L1,64.0,0.13640537858009338,0.1497541666030883,,BACKGROUND,BACKGROUND,0.1372045400738714,0.23653336107730424,idxq4-64_queryq4-64
1370787260,1370787264.0,L1,128.0,0.135646253824234,0.1497541666030883,,BACKGROUND,BACKGROUND,0.14599183201789856,0.2868003845214844,idxq4-64_queryq4-64
1382339164,1382339168.0,L1,4.0,0.1497492492198944,0.1497492492198944,0.0,BACKGROUND,BACKGROUND,0.15031939417123752,0.21959366053342733,idxq4-64_queryq4-64
1382339164,1382339168.0,L1,16.0,0.14594025909900665,0.1497492492198944,,BACKGROUND,AMBIGUOUS,0.14252088919281877,0.21626390442252097,idxq4-64_queryq4-64
1382339164,1382339168.0,L1,64.0,0.1526024043560028,0.1497492492198944,,AMBIGUOUS,AMBIGUOUS,0.1372045400738714,0.23653336107730424,idxq4-64_queryq4-64
1382339164,1382339168.0,L1,128.0,0.15040019154548645,0.1497492492198944,,AMBIGUOUS,AMBIGUOUS,0.14599183201789856,0.2868003845214844,idxq4-64_queryq4-64
1377595324,1377595328.0,L1,4.0,0.14973510801792145,0.1497351080179214,5.551115123125783e-17,BACKGROUND,BACKGROUND,0.15031939417123752,0.21959366053342733,idxq4-64_queryq4-64
1377595324,1377595328.0,L1,16.0,0.14856398105621338,0.1497351080179214,,BACKGROUND,AMBIGUOUS,0.14252088919281877,0.21626390442252097,idxq4-64_queryq4-64
1377595324,1377595328.0,L1,64.0,0.13915210962295532,0.1497351080179214,,BACKGROUND,AMBIGUOUS,0.1372045400738714,0.23653336107730424,idxq4-64_queryq4-64
1377595324,1377595328.0,L1,128.0,0.135284885764122,0.1497351080179214,,BACKGROUND,BACKGROUND,0.14599183201789856,0.2868003845214844,idxq4-64_queryq4-64
1379511676,1379511680.0,L1,4.0,0.1496143639087677,0.1496143937110901,2.9802322387695312e-08,BACKGROUND,BACKGROUND,0.15031939417123752,0.21959366053342733,idxq4-64_queryq4-64
1379511676,1379511680.0,L1,16.0,0.15089143812656403,0.1496143937110901,,AMBIGUOUS,AMBIGUOUS,0.14252088919281877,0.21626390442252097,idxq4-64_queryq4-64
1379511676,1379511680.0,L1,64.0,0.1471795290708542,0.1496143937110901,,BACKGROUND,AMBIGUOUS,0.1372045400738714,0.23653336107730424,idxq4-64_queryq4-64
1379511676,1379511680.0,L1,128.0,0.14589886367321014,0.1496143937110901,,BACKGROUND,BACKGROUND,0.14599183201789856,0.2868003845214844,idxq4-64_queryq4-64
1383052636,1383052640.0,L1,4.0,0.14960454404354095,0.1496046632528305,1.1920928955078125e-07,BACKGROUND,BACKGROUND,0.15031939417123752,0.21959366053342733,idxq4-64_queryq4-64
1383052636,1383052640.0,L1,16.0,0.13887351751327515,0.1496046632528305,,BACKGROUND,BACKGROUND,0.14252088919281877,0.21626390442252097,idxq4-64_queryq4-64
1383052636,1383052640.0,L1,64.0,0.14958645403385162,0.1496046632528305,,BACKGROUND,AMBIGUOUS,0.1372045400738714,0.23653336107730424,idxq4-64_queryq4-64
1383052636,1383052640.0,L1,128.0,0.15166710317134857,0.1496046632528305,,AMBIGUOUS,AMBIGUOUS,0.14599183201789856,0.2868003845214844,idxq4-64_queryq4-64
1383184572,1383184576.0,L1,4.0,0.1495254784822464,0.1495255529880523,7.450580591372713e-08,BACKGROUND,BACKGROUND,0.15031939417123752,0.21959366053342733,idxq4-64_queryq4-64
1383184572,1383184576.0,L1,16.0,0.13959826529026031,0.1495255529880523,,BACKGROUND,BACKGROUND,0.14252088919281877,0.21626390442252097,idxq4-64_queryq4-64
1383184572,1383184576.0,L1,64.0,0.13579969108104706,0.1495255529880523,,BACKGROUND,BACKGROUND,0.1372045400738714,0.23653336107730424,idxq4-64_queryq4-64
1383184572,1383184576.0,L1,128.0,0.13807885348796844,0.1495255529880523,,BACKGROUND,BACKGROUND,0.14599183201789856,0.2868003845214844,idxq4-64_queryq4-64
1383977180,1383977184.0,L1,4.0,0.14948779344558716,0.1494879424571991,1.4901161193847656e-07,BACKGROUND,BACKGROUND,0.15031939417123752,0.21959366053342733,idxq4-64_queryq4-64
1383977180,1383977184.0,L1,16.0,0.15153032541275024,0.1494879424571991,,AMBIGUOUS,AMBIGUOUS,0.14252088919281877,0.21626390442252097,idxq4-64_queryq4-64
1383977180,1383977184.0,L1,64.0,0.16045734286308289,0.1494879424571991,,AMBIGUOUS,AMBIGUOUS,0.1372045400738714,0.23653336107730424,idxq4-64_queryq4-64
1383977180,1383977184.0,L1,128.0,0.15914927423000336,0.1494879424571991,,AMBIGUOUS,AMBIGUOUS,0.14599183201789856,0.2868003845214844,idxq4-64_queryq4-64
1377485756,1377485760.0,L1,4.0,0.14937888085842133,0.1493789106607437,2.9802322387695312e-08,BACKGROUND,BACKGROUND,0.15031939417123752,0.21959366053342733,idxq4-64_queryq4-64
1377485756,1377485760.0,L1,16.0,0.07762903720140457,0.1493789106607437,,BACKGROUND,BACKGROUND,0.14252088919281877,0.21626390442252097,idxq4-64_queryq4-64
1377485756,1377485760.0,L1,64.0,0.07624790072441101,0.1493789106607437,,BACKGROUND,BACKGROUND,0.1372045400738714,0.23653336107730424,idxq4-64_queryq4-64
1377485756,1377485760.0,L1,128.0,0.15008272230625153,0.1493789106607437,,BACKGROUND,AMBIGUOUS,0.14599183201789856,0.2868003845214844,idxq4-64_queryq4-64
1377555420,1377555424.0,L1,4.0,0.1493590623140335,0.1493591666221618,1.0430812830142244e-07,BACKGROUND,BACKGROUND,0.15031939417123752,0.21959366053342733,idxq4-64_queryq4-64
1377555420,1377555424.0,L1,16.0,0.1415289342403412,0.1493591666221618,,BACKGROUND,BACKGROUND,0.14252088919281877,0.21626390442252097,idxq4-64_queryq4-64
1377555420,1377555424.0,L1,64.0,0.13740676641464233,0.1493591666221618,,BACKGROUND,AMBIGUOUS,0.1372045400738714,0.23653336107730424,idxq4-64_queryq4-64
1377555420,1377555424.0,L1,128.0,0.14453737437725067,0.1493591666221618,,BACKGROUND,BACKGROUND,0.14599183201789856,0.2868003845214844,idxq4-64_queryq4-64
1378740764,1378740768.0,L1,4.0,0.14933077991008759,0.1493305563926696,2.2351741799098157e-07,BACKGROUND,BACKGROUND,0.15031939417123752,0.21959366053342733,idxq4-64_queryq4-64
1378740764,1378740768.0,L1,16.0,0.1500280350446701,0.1493305563926696,,BACKGROUND,AMBIGUOUS,0.14252088919281877,0.21626390442252097,idxq4-64_queryq4-64
1378740764,1378740768.0,L1,64.0,0.14544762670993805,0.1493305563926696,,BACKGROUND,AMBIGUOUS,0.1372045400738714,0.23653336107730424,idxq4-64_queryq4-64
1378740764,1378740768.0,L1,128.0,0.14330998063087463,0.1493305563926696,,BACKGROUND,BACKGROUND,0.14599183201789856,0.2868003845214844,idxq4-64_queryq4-64
1381840956,1381840960.0,L1,4.0,0.14923594892024994,0.1492358595132827,8.940696724635266e-08,BACKGROUND,BACKGROUND,0.15031939417123752,0.21959366053342733,idxq4-64_queryq4-64
1381840956,1381840960.0,L1,16.0,0.14882883429527283,0.1492358595132827,,BACKGROUND,AMBIGUOUS,0.14252088919281877,0.21626390442252097,idxq4-64_queryq4-64
1381840956,1381840960.0,L1,64.0,0.15325352549552917,0.1492358595132827,,AMBIGUOUS,AMBIGUOUS,0.1372045400738714,0.23653336107730424,idxq4-64_queryq4-64
1381840956,1381840960.0,L1,128.0,0.15383945405483246,0.1492358595132827,,AMBIGUOUS,AMBIGUOUS,0.14599183201789856,0.2868003845214844,idxq4-64_queryq4-64
1369141692,1369141696.0,L1,4.0,0.1491830199956894,0.1491828262805938,1.9371509560328626e-07,BACKGROUND,BACKGROUND,0.15031939417123752,0.21959366053342733,idxq4-64_queryq4-64
1369141692,1369141696.0,L1,16.0,0.14786753058433533,0.1491828262805938,,BACKGROUND,AMBIGUOUS,0.14252088919281877,0.21626390442252097,idxq4-64_queryq4-64
1369141692,1369141696.0,L1,64.0,0.15108336508274078,0.1491828262805938,,AMBIGUOUS,AMBIGUOUS,0.1372045400738714,0.23653336107730424,idxq4-64_queryq4-64
1369141692,1369141696.0,L1,128.0,0.15745864808559418,0.1491828262805938,,AMBIGUOUS,AMBIGUOUS,0.14599183201789856,0.2868003845214844,idxq4-64_queryq4-64
